WELL_LOG_NO,WELL_SCREEN_ID,SCREEN_DIAM,SCREEN_TYPE_CODE,SCREEN_MAT_CODE,SCREEN_SLOT_SIZE,SCREENED_INTERVAL_FROM,SCREENED_INTERVAL_TO,SCREEN_LENGTH
2012701,123,6.000,MAC,PVC,0.05,102.0,106.0,4.0
974634,164,6.000,,STA,0.015,47.0,50.0,3.0
974636,173,4.000,,STA,0.015,133.0,137.0,4.0
837672,517,,,,0.02,61.0,66.0,
939572,1510,,,,,136.0,139.0,3.0
939569,1511,4.000,CWW,STA,0.025,125.0,128.0,3.0
943145,1570,,,,,100.0,103.0,3.0
773965,1769,,,,0.25,50.0,54.0,4.0
925561,1778,,,,0.02,124.0,128.0,4.0
910235,1780,,,,0.02,66.0,70.0,4.0
943136,1910,,,,,85.0,88.0,3.0
943135,1911,,,,,122.0,126.0,4.0
943140,1912,,,,,105.0,109.0,4.0
943142,1913,4.000,CWW,STA,0.02,74.0,77.0,3.0
943157,1954,,,,0.15,106.0,111.0,5.0
773968,2230,,,,,176.0,180.0,4.0
943151,2242,,,,,92.0,95.0,3.0
943149,2243,,,,,141.0,145.0,4.0
910240,2391,,,,0.02,133.0,137.0,4.0
910239,2392,,,,0.02,47.0,51.0,4.0
939537,2465,,,,,174.0,178.0,4.0
939538,2466,,,,,89.0,92.0,3.0
939559,2514,,,,,57.0,60.0,3.0
939544,2584,,,,,84.0,87.0,3.0
939545,2585,,,,,136.0,139.0,3.0
910241,2821,,,,0.02,55.0,59.0,4.0
939549,2874,,,,,93.0,97.0,4.0
939553,2903,,,,,73.0,76.0,3.0
773964,2909,,,,,90.0,91.0,48.0
925563,2923,5.000,MAC,PVC,0.018,66.0,70.0,4.0
939552,2941,,,,,108.0,111.0,3.0
957532,3061,4.000,CWW,STA,0.02,187.0,190.0,3.0
957528,3062,,,,,208.0,211.0,3.0
957530,3063,,,,,95.0,100.0,5.0
910260,3114,,,,0.02,47.0,51.0,4.0
957499,3137,,,,,238.0,242.0,4.0
947360,3152,,,,0.015,143.0,147.0,4.0
910238,3172,,,,0.02,80.0,84.0,4.0
910237,3173,,,,0.02,66.0,70.0,4.0
910231,3217,5.000,CWW,PVC,0.02,35.0,39.0,4.0
947394,3251,,,,0.2,150.0,153.0,3.0
943194,3386,,,,,204.0,208.0,4.0
943190,3387,,,,,87.0,91.0,4.0
943181,3425,,,,,107.0,111.0,4.0
943182,3426,,,,,129.0,134.0,5.0
947419,3430,,,,0.2,176.0,179.0,3.0
947356,3769,,,,0.02,67.0,70.0,3.0
947352,3770,,,,0.02,105.0,108.0,3.0
910243,3951,,,,0.02,72.0,76.0,4.0
943164,3952,4.000,CWW,STA,0.02,126.0,129.0,3.0
910242,3953,5.000,CWW,PVC,0.02,71.0,75.0,4.0
950629,3954,4.000,CWW,FIB,0.025,82.0,92.0,10.0
943123,3967,,,,,191.0,194.0,3.0
947375,4001,,,,0.015,134.0,138.0,4.0
910244,4085,,,,0.02,101.0,105.0,4.0
950626,4086,,,,0.04,82.0,87.0,5.0
943114,4166,,,,0.2,47.0,50.0,3.0
943120,4167,,,,0.15,49.0,53.0,4.0
943109,4169,4.000,CWW,STA,0.2,69.0,72.0,3.0
943104,4171,,,,0.02,75.0,80.0,5.0
943107,4172,,,,0.02,178.0,181.0,3.0
943119,4173,,,,0.015,123.0,127.0,4.0
943121,4174,,,,0.02,165.0,168.0,3.0
943200,4175,,,,0.015,66.0,71.0,5.0
943132,4177,,,,0.02,84.0,87.0,3.0
943197,4178,,,,0.015,101.0,105.0,4.0
957490,4307,,,,0.015,95.0,99.0,4.0
957491,4308,,,,0.02,151.0,154.0,3.0
947363,4312,,,,,196.0,199.0,3.0
947368,4313,,,,,132.0,136.0,4.0
947365,4319,,,,,152.0,155.0,3.0
947407,4362,,,,0.02,135.0,138.0,3.0
947401,4363,,,,0.02,55.0,60.0,5.0
947406,4364,,,,0.02,125.0,128.0,3.0
947399,4365,,,,0.02,136.0,139.0,3.0
947403,4366,,,,0.015,85.0,90.0,5.0
910263,4431,,,,0.02,48.0,52.0,4.0
910248,4432,,,,0.02,107.0,111.0,4.0
910247,4433,,,,0.02,71.0,75.0,4.0
910264,4434,,,,0.02,46.0,50.0,4.0
910246,4482,5.000,CWW,PVC,0.02,46.0,50.0,4.0
910265,4483,,,,0.02,76.0,80.0,4.0
943171,4671,,,,0.02,75.0,80.0,5.0
943170,4672,,,,0.2,177.0,180.0,3.0
939575,4801,,,,,81.0,84.0,3.0
910232,4803,,,,0.02,35.0,39.0,4.0
910233,4804,,,,0.02,60.0,64.0,4.0
957514,4879,,,,,151.0,154.0,3.0
947423,4945,,,,,112.0,115.0,3.0
773969,4946,,,,0.25,49.0,53.0,48.0
947366,4947,,,,0.2,244.0,248.0,4.0
947371,4961,,,,0.2,92.0,95.0,3.0
957510,5025,4.000,CWW,STA,0.02,133.0,136.0,4.0
947385,5103,,,,0.02,93.0,96.0,3.0
947382,5104,,,,0.02,113.0,116.0,3.0
943185,5109,,,,,227.0,231.0,4.0
943186,5110,,,,,84.0,87.0,3.0
947380,5153,,,,0.15,114.0,118.0,4.0
947373,5288,,,,,91.0,94.0,3.0
943144,5414,,,,0.02,102.0,105.0,3.0
957486,5415,,,,0.02,178.0,181.0,3.0
957488,5416,,,,0.02,81.0,84.0,3.0
910258,5589,,,,0.02,92.0,100.0,8.0
943165,5647,,,,0.02,134.0,137.0,3.0
947327,5648,,,,0.02,208.0,213.0,5.0
948099,5665,,,,0.018,124.0,129.0,5.0
957547,5705,,,,,118.0,121.0,3.0
957549,5706,,,,,67.0,70.0,3.0
962649,5729,,,,,188.0,191.0,3.0
953356,5803,,,,0.018,,,5.0
953357,5804,,,,0.08,,,5.0
962632,5805,,,,,121.0,124.0,3.0
962651,5859,,,,0.015,114.0,117.0,3.0
910257,5987,,,,0.02,49.0,53.0,4.0
957559,5988,,,,0.02,98.0,101.0,3.0
957551,5989,,,,0.02,74.0,77.0,3.0
910261,5990,,,,0.02,84.0,88.0,4.0
910259,5991,,,,0.02,113.0,117.0,4.0
957561,5992,,,,0.015,223.0,228.0,5.0
962653,6000,,,,,127.0,130.0,3.0
773971,6014,,,,0.25,58.0,62.0,4.0
957575,6016,,,,,165.0,168.0,3.0
957573,6248,,,,,86.0,90.0,4.0
962628,6352,,,,0.015,143.0,147.0,4.0
966266,6383,,,,,125.0,130.0,5.0
748315,6451,,,,0.05,48.0,52.0,4.0
943163,6509,,,,0.02,81.0,84.0,3.0
947331,6510,,,,0.02,81.0,84.0,3.0
947328,6673,,,,0.02,197.0,200.0,3.0
943736,6718,4.000,CWW,STA,0.015,35.0,38.5,4.0
957538,6923,,,,0.02,60.0,63.0,3.0
953354,6924,,,,0.018,87.0,92.0,5.0
980323,6975,,,,,139.0,142.0,3.0
980327,6977,,,,,76.0,79.0,3.0
980324,6978,,,,,76.0,79.0,3.0
953352,7021,,,,0.018,123.0,128.0,5.0
953353,7022,,,,0.018,65.0,70.0,5.0
953351,7023,,,,0.018,,,5.0
947347,7045,,,,0.02,135.0,138.0,3.0
910250,7048,,,,0.02,46.0,50.0,4.0
947340,7155,,,,,101.0,105.0,4.0
947346,7156,,,,,174.0,179.0,5.0
947335,7157,,,,,70.0,75.0,5.0
947339,7158,,,,,186.0,189.0,3.0
957521,7207,,,,0.02,137.0,142.0,5.0
957523,7209,,,,0.02,115.0,118.0,3.0
957511,7210,,,,0.015,110.0,115.0,5.0
957520,7211,4.000,CWW,STA,0.02,136.0,139.0,3.0
957535,7407,4.000,CWW,STA,0.02,111.0,114.0,3.0
980316,7521,,,,,92.0,95.0,4.0
980314,7523,,,,,93.0,98.0,5.0
980319,7524,,,,,119.0,122.0,3.0
967746,7807,,,,0.015,108.0,113.0,4.0
953377,7808,,,,0.08,,,5.0
980328,7809,,,,,70.0,73.0,3.0
992064,7864,,,,,80.0,89.0,3.0
992063,7930,,,,,106.0,109.0,3.0
964627,7961,,,,0.02,100.0,104.0,4.0
964634,7962,5.000,CWW,PVC,0.02,65.0,69.0,4.0
958168,7963,,,,0.02,80.0,84.0,4.0
992123,8005,,,,0.02,191.0,194.0,3.0
958173,8006,5.000,MAC,PVC,0.025,102.0,110.0,8.0
958170,8009,5.000,MAC,PVC,0.025,72.0,80.0,8.0
995028,8052,,,,0.02,81.0,85.0,4.0
992116,8053,,,,0.015,134.0,138.0,4.0
992112,8054,4.000,CWW,STA,0.02,165.0,168.0,3.0
992110,8058,,,,0.02,96.0,99.0,8.0
964630,8059,,,,0.02,58.0,62.0,4.0
992114,8060,,,,0.015,144.0,148.0,4.0
992113,8061,,,,0.02,90.0,93.0,3.0
992081,8124,,,,,91.0,95.0,4.0
958162,8399,,,,0.03,165.0,170.0,5.0
958166,8400,,,,0.02,46.0,50.0,4.0
973680,8677,,,,0.02,68.0,71.0,3.0
992128,8734,,,,0.02,62.0,65.0,3.0
992129,8735,,,,0.02,92.0,95.0,3.0
992131,8743,,,,,157.0,160.0,3.0
964629,9148,,,,0.02,46.0,50.0,4.0
992107,9149,,,,0.02,121.0,124.0,3.0
992108,9150,,,,0.02,90.0,93.0,3.0
964628,9151,,,,0.035,126.0,130.0,4.0
992109,9152,,,,0.02,89.0,92.0,3.0
992049,9198,,,,,170.0,173.0,3.0
992056,9341,,,,,131.0,135.0,4.0
992061,9342,,,,,82.0,85.0,3.0
992058,9343,,,,,71.0,74.0,3.0
992054,9344,,,,,87.0,90.0,
992090,9618,,,,0.02,105.0,108.0,3.0
992091,9619,,,,0.02,188.0,191.0,3.0
992092,9620,,,,0.02,176.0,179.0,3.0
992093,9621,,,,0.02,136.0,139.0,3.0
992106,9859,6.000,CWW,STA,0.02,72.0,77.0,5.0
964632,9860,5.000,CWW,PVC,0.02,130.0,140.0,4.0
992101,9861,,,,,94.0,97.0,3.0
992094,9918,,,,0.02,97.0,100.0,3.0
953381,9919,,,,0.018,96.0,101.0,5.0
992098,9921,,,,0.02,99.0,104.0,5.0
2000451,9943,6.000,MAC,PVC,0.025,135.5,140.5,5.0
973659,10021,,,,,73.0,76.0,3.0
973661,10023,,,,,165.0,169.0,4.0
985662,10184,,,,0.02,81.0,84.0,3.0
985663,10185,,,,0.015,67.0,71.0,4.0
973673,10191,,,,,112.0,117.0,
983847,10271,,,,0.07,66.0,71.0,5.0
983848,10272,,,,0.07,73.5,78.5,5.0
2001759,10459,1.000,PER,PVC,0.01,7.0,17.0,10.0
2001761,10476,1.000,PER,PVC,0.01,5.0,15.0,10.0
973665,10540,,,,0.02,73.0,76.0,3.0
992126,10630,4.000,CWW,STA,0.02,76.0,79.0,3.0
973654,10723,,,,0.015,104.0,109.0,5.0
973656,10724,,,,0.02,118.0,121.0,3.0
973655,10728,,,,0.02,177.0,185.0,8.0
995052,10763,,,,0.07,62.0,67.0,5.0
992134,10764,,,,0.02,75.0,78.0,3.0
992137,10766,,,,0.015,55.0,60.0,5.0
958186,10790,,,,0.02,66.0,70.0,4.0
973651,10838,4.000,CWW,STA,0.02,168.0,171.0,3.0
967744,10869,,,,0.025,153.0,157.0,4.0
992139,10872,,,,0.02,167.0,170.0,3.0
973662,10873,,,,0.02,80.0,83.0,3.0
973657,10874,,,,0.02,176.0,180.0,4.0
967742,11311,4.000,LOU,STA,0.025,45.0,49.0,4.0
953390,11312,,,,0.02,92.0,97.0,5.0
973746,11356,6.000,CWW,STA,0.015,117.0,120.0,3.0
973745,11377,,,,,70.0,74.0,4.0
973747,11416,,,,,124.0,127.0,3.0
973854,11417,,,,,96.0,99.0,3.0
958176,11418,5.000,CWW,PVC,0.02,71.0,75.0,4.0
967741,11421,,,,0.025,182.0,185.0,4.0
958175,11422,,,,0.02,95.0,99.0,4.0
958189,11423,,,,0.02,71.0,75.0,4.0
973853,11424,,,,,84.0,87.0,3.0
973749,11425,,,,,98.0,103.0,5.0
958182,11426,,,,0.02,51.0,55.0,4.0
973866,11574,,,,,77.0,80.0,3.0
973864,11575,,,,,97.0,100.0,3.0
2004928,11704,6.000,MAC,PVC,0.025,104.0,109.0,5.0
973865,11748,,,,,58.0,61.0,3.0
973868,11750,,,,,149.0,152.0,3.0
973875,11817,,,,,143.0,148.0,5.0
973873,11874,,,,,84.0,87.0,3.0
973715,11998,,,,,101.0,104.0,3.0
973713,12130,,,,,175.0,178.0,
973706,12239,,,,,117.0,122.0,5.0
958192,12240,,,,,52.0,57.0,5.0
958191,12411,,,,,41.0,45.0,4.0
973933,12585,,,,,171.0,174.0,3.0
958204,12594,5.000,MAC,PVC,0.0,45.0,53.0,5.0
958181,12658,,,,0.2,145.0,150.0,5.0
973967,12717,,,,,56.0,60.0,4.0
953387,12769,,,,0.018,175.0,180.0,5.0
973971,12831,,,,,121.0,136.0,15.0
2008752,12970,2.000,MAC,PVC,0.01,5.0,30.0,25.0
2008753,12971,2.000,MAC,PVC,0.01,5.0,30.0,25.0
9986095,13107,4.000,CWW,STA,0.02,139.0,142.0,3.0
967735,13128,,,,0.02,78.0,82.0,4.0
973962,13484,,,,,137.0,147.0,10.0
973970,13485,,,,,75.0,78.0,3.0
973969,13486,,,,,89.0,94.0,5.0
973985,13648,,,,,130.0,133.0,3.0
973986,13650,,,,,75.0,80.0,
973902,13677,,,,,107.0,112.0,5.0
973938,13730,,,,,82.0,85.0,3.0
973937,13734,,,,,87.0,90.0,3.0
958205,13750,,,,0.2,65.0,72.0,5.0
1007584,13844,4.000,CWW,STA,0.015,113.0,115.0,4.0
973988,13975,,,,,113.0,128.0,15.0
973899,14020,,,,,142.0,145.0,3.0
973900,14022,,,,,86.0,90.0,4.0
953391,14136,,,,0.015,175.0,180.0,5.0
958178,14137,,,,0.02,111.0,115.0,4.0
958201,14139,,,,0.02,80.0,85.0,3.0
2007054,14170,6.000,MAC,PVC,0.025,71.0,76.0,5.0
973942,14182,,,,,142.0,146.0,4.0
973944,14184,,,,,65.0,68.0,3.0
973939,14194,,,,,142.0,145.0,3.0
2007649,14332,6.000,MAC,PVC,0.025,109.0,114.0,5.0
991695,14347,,,,0.01,2.0,10.0,8.0
991694,14348,,,,0.01,2.0,10.0,8.0
991692,14349,,,,0.01,2.0,10.0,8.0
991691,14350,,,,0.01,2.0,10.0,8.0
958196,14351,,,,0.02,120.0,124.0,4.0
991693,14376,,,,0.01,2.0,10.0,8.0
973943,14419,,,,,104.0,107.0,3.0
973883,14529,,,,,67.0,70.0,3.0
973877,14530,,,,,161.0,164.0,3.0
973878,14531,,,,,72.0,75.0,3.0
973881,14532,,,,,115.0,118.0,3.0
973884,14533,,,,,128.0,131.0,3.0
2009042,14650,2.000,MAC,PVC,0.01,3.0,9.0,6.0
2009043,14651,2.000,MAC,PVC,0.01,5.0,12.0,7.0
2009044,14652,2.000,MAC,PVC,0.01,4.0,11.0,7.0
2009045,14653,2.000,MAC,PVC,0.01,2.0,9.0,7.0
2009046,14654,2.000,MAC,PVC,0.01,3.0,11.0,8.0
2009047,14655,2.000,MAC,PVC,0.01,6.0,16.0,10.0
2009048,14656,2.000,MAC,PVC,0.01,5.5,9.0,10.0
2009049,14657,2.000,MAC,PVC,0.101,6.0,13.0,7.0
2009050,14658,2.000,MAC,PVC,0.01,4.0,10.0,6.0
2009051,14659,2.000,MAC,PVC,0.01,5.0,13.0,8.0
2009052,14660,2.000,MAC,PVC,0.01,5.0,12.0,7.0
2009053,14661,2.000,MAC,PVC,0.01,3.0,9.0,6.0
2009054,14662,2.000,MAC,PVC,0.01,7.0,13.0,6.0
2009055,14663,2.000,MAC,PVC,0.01,4.0,11.0,7.0
958197,14700,,,,0.02,82.0,84.0,4.0
973934,14741,,,,0.015,87.0,92.0,5.0
967740,14932,,,,,150.0,154.0,4.0
958200,14944,,,,0.03,86.0,90.0,4.0
973936,14945,,,,0.02,185.0,188.0,3.0
973935,14946,,,,0.015,83.0,88.0,5.0
973931,14971,,,,,265.0,270.0,5.0
973921,14989,,,,,122.0,126.0,4.0
973925,15092,,,,,105.0,108.0,3.0
439318,15242,,,,0.015,,,2.0
788039,15243,,,,0.02,52.0,56.0,4.0
166878,15246,,,,0.05,100.0,102.0,2.0
1005510,15423,,,,0.02,93.0,97.0,4.0
973892,15477,,,,,97.0,148.0,
748321,15489,5.000,CWW,PVC,0.03,48.0,52.0,4.0
973913,15618,,,,,81.0,86.0,5.0
973905,15844,,,,,101.0,106.0,5.0
973906,15849,6.000,CWW,STA,0.015,119.0,122.0,3.0
973880,16482,,,,,76.0,79.0,3.0
973896,16529,4.000,CWW,STA,0.02,133.0,136.0,3.0
973894,16530,,,,,189.0,193.0,4.0
973895,16531,,,,,80.0,83.0,3.0
973879,16670,,,,,179.0,184.0,5.0
27481,16969,,,,0.05,75.0,77.0,
693993,16970,,CWW,STA,0.025,104.0,114.0,10.0
2089940,17015,16.000,CWW,STA,0.05,135.0,165.0,30.0
2078790,17044,6.000,MAC,PVC,0.025,58.0,63.0,5.0
2086395,17065,6.000,MAC,PVC,0.05,131.0,141.0,10.0
957515,17098,,,,,90.0,95.0,5.0
974780,17138,4.000,CWW,STA,0.02,103.0,107.0,4.0
974781,17139,6.000,CWW,STA,0.02,101.0,106.0,5.0
2083465,17223,2.000,MAC,PVC,0.01,4.0,16.0,12.0
2083948,17351,10.000,CWW,STA,0.05,180.0,210.0,30.0
2083949,17352,10.000,CWW,STA,0.05,110.0,130.0,20.0
1021503,17353,4.000,CWW,STA,20.0,91.0,94.0,3.0
1021505,17355,4.000,CWW,STA,20.0,119.0,122.0,3.0
2077377,17361,5.000,MAC,PVC,0.02,63.0,68.0,5.0
974045,17461,,,,,91.0,94.0,3.0
795409,17488,4.000,CWW,STA,0.02,121.0,124.0,3.0
2070875,17496,5.000,CWW,STA,0.015,105.0,110.0,5.0
1020970,17676,4.000,CWW,STA,20.0,84.0,88.0,4.0
1020962,17792,6.000,CWW,STA,15.0,131.0,136.0,5.0
2078521,17865,5.000,MAC,PVC,0.02,80.0,85.0,5.0
2085091,17888,5.000,MAC,PVC,0.02,63.0,68.0,5.0
962615,18148,,,,,87.0,90.0,3.0
962617,18149,4.000,CWW,STA,0.02,77.0,80.0,3.0
1007594,18181,,,,,78.0,86.0,8.0
974805,18317,4.000,CWW,STA,0.02,171.0,174.0,3.0
974804,18319,4.000,CWW,STA,0.015,181.0,185.0,4.0
1021509,18837,4.000,CWW,STA,20.0,147.0,150.0,3.0
2083409,18943,2.000,MAC,PVC,0.01,1.0,10.0,9.0
2081572,18972,2.000,MAC,PVC,0.01,2.0,7.0,5.0
2083763,18993,2.000,MAC,PVC,0.01,2.0,16.0,14.0
2083764,18994,2.000,MAC,PVC,0.01,2.0,16.0,14.0
2083762,19022,2.000,MAC,GAL,0.01,2.0,16.0,14.0
1020958,19093,6.000,CWW,STA,20.0,85.0,90.0,5.0
1020959,19094,6.000,CWW,STA,15.0,103.0,108.0,3.0
2081434,19122,2.000,MAC,PVC,0.01,22.0,32.0,10.0
1021543,19135,6.000,CWW,STA,15.0,194.0,199.0,5.0
974812,19383,4.000,CWW,STA,0.02,96.0,105.0,3.0
1021960,19396,4.000,CWW,STA,20.0,91.0,94.0,3.0
2068712,19443,5.000,CWW,PVC,0.02,79.0,84.0,5.0
1021980,19499,6.000,CWW,STA,25.0,283.0,293.0,10.0
1021975,19500,6.000,CWW,STA,15.0,113.0,118.0,5.0
2080339,19553,2.000,MAC,PVC,0.01,2.0,9.5,7.0
2083459,19569,2.000,MAC,PVC,0.01,3.0,16.0,13.0
2080168,19588,2.000,MAC,PVC,0.01,5.0,15.0,10.0
1021528,19676,4.000,CWW,STA,20.0,88.0,91.0,3.0
1021533,19677,4.000,CWW,STA,20.0,132.0,135.0,3.0
9986032,19715,8.000,CWW,STA,0.0,115.0,130.0,15.0
2083414,19822,2.000,MAC,PVC,0.01,4.0,16.0,12.0
1021556,19883,4.000,CWW,STA,20.0,118.0,122.0,4.0
1021557,20126,6.000,CWW,STA,20.0,161.0,166.0,5.0
1021558,20127,4.000,CWW,STA,20.0,115.0,119.0,4.0
1021964,20151,6.000,CWW,STA,15.0,150.0,153.0,3.0
974779,20361,4.000,CWW,STA,0.02,194.0,198.0,4.0
974776,20362,6.000,CWW,STA,0.015,91.0,94.0,3.0
974775,20363,4.000,CWW,STA,0.02,95.0,99.0,4.0
1020961,20407,4.000,CWW,STA,20.0,148.0,151.0,3.0
925569,20493,,,,0.02,195.0,200.0,5.0
929653,20497,,,,0.02,108.0,111.0,3.0
915558,20522,8.000,CWW,STA,0.04,124.0,164.0,40.0
929666,20548,,,,0.02,98.0,101.0,3.0
926313,20852,,,,0.02,104.0,107.0,3.0
922354,20854,,,,0.02,139.0,142.0,3.0
910760,20855,,,,0.02,111.0,114.0,3.0
883231,20856,,,,0.02,115.0,118.0,3.0
892032,20857,,,,0.02,114.0,117.0,3.0
892021,20858,,,,0.015,85.0,89.0,4.0
877539,20860,,,,0.015,203.0,208.0,5.0
908156,20861,,,,0.02,180.0,184.0,4.0
883208,20862,,,,0.015,70.0,74.0,4.0
877591,20863,,,,0.02,158.0,161.0,3.0
910738,20864,,,,0.02,120.0,123.0,3.0
922362,20867,,,,0.03,86.0,89.0,3.0
922375,20868,,,,0.02,87.0,90.0,3.0
926320,20869,,,,0.015,106.0,109.0,3.0
877588,20870,,,,0.02,114.0,117.0,3.0
886782,20871,,,,0.015,138.0,142.0,4.0
877561,20872,,,,0.02,62.0,65.0,3.0
877535,20873,4.000,CWW,STA,0.015,129.0,133.0,4.0
892078,20874,,,,0.02,180.0,183.0,3.0
892084,20875,,,,0.02,106.0,109.0,3.0
892060,20876,,,,0.02,90.0,93.0,3.0
926302,20889,,,,0.02,105.0,108.0,3.0
926300,20890,,,,0.015,107.0,112.0,5.0
922430,20891,,,,0.015,106.0,110.0,4.0
910747,20892,,,,0.015,111.0,115.0,4.0
914885,20893,,,,0.015,71.0,76.0,5.0
886751,20898,,,,0.015,150.0,154.0,4.0
877614,20899,,,,0.02,105.0,108.0,3.0
908200,20900,,,,0.015,71.0,75.0,4.0
877555,20901,,,,0.02,52.0,55.0,3.0
868461,20907,,,,0.02,93.0,97.0,4.0
878802,20908,,,,0.018,141.0,145.0,4.0
865150,20909,,,,0.02,33.0,37.0,4.0
868472,20910,,,,0.02,86.0,90.0,4.0
748308,20911,,,,0.04,125.0,129.0,4.0
865055,20912,,,,0.02,76.0,80.0,4.0
748307,20913,,,,0.03,37.0,41.0,4.0
865079,20914,,,,0.02,97.0,101.0,4.0
748304,20916,,,,0.03,146.0,150.0,4.0
748312,20918,,,,0.02,153.0,158.0,5.0
878818,20919,,,,0.018,106.0,110.0,4.0
773958,20920,,,,0.025,92.0,96.0,4.0
910217,20921,,,,0.02,39.0,43.0,4.0
919196,20968,,,,0.02,137.0,140.0,31.0
865132,20969,,,,0.02,90.0,94.0,4.0
934161,20970,,,,0.02,96.0,99.0,3.0
919236,20971,,,,0.02,64.0,67.0,3.0
892100,20972,,,,0.02,180.0,184.0,4.0
934160,20973,,,,0.02,149.0,154.0,5.0
877605,20998,,,,0.02,140.0,143.0,3.0
877557,20999,,,,0.02,102.0,105.0,3.0
877603,21000,,,,0.02,76.0,79.0,3.0
910698,21001,,,,0.015,128.0,132.0,4.0
910719,21003,,,,0.015,79.0,84.0,5.0
910714,21005,,,,0.02,72.0,76.0,4.0
922390,21019,,,,0.015,129.0,134.0,5.0
914895,21020,,,,0.02,76.0,79.0,3.0
908134,21021,6.000,CWW,STA,0.02,121.0,131.0,10.0
908159,21022,,,,0.015,97.0,102.0,5.0
908198,21023,,,,0.015,73.0,77.0,4.0
908149,21024,,,,0.015,120.0,124.0,4.0
910199,21025,,,,0.02,146.0,150.0,4.0
865059,21026,,,,0.02,72.0,76.0,4.0
873247,21027,,,,0.02,76.0,79.0,3.0
883227,21028,,,,0.02,148.0,153.0,5.0
897840,21029,,,,0.015,135.0,139.0,4.0
910203,21031,,,,0.02,91.0,95.0,4.0
919239,21033,,,,0.02,122.0,125.0,3.0
919248,21034,,,,0.02,98.0,101.0,3.0
877562,21035,,,,0.02,119.0,122.0,3.0
877559,21036,,,,0.02,88.0,91.0,3.0
910190,21037,,,,0.02,56.0,60.0,4.0
865122,21038,,,,0.02,68.0,72.0,4.0
873249,21039,,,,0.015,88.0,92.0,4.0
878807,21040,,,,0.018,66.0,70.0,4.0
910205,21041,,,,0.02,91.0,95.0,4.0
865148,21042,,,,0.02,39.0,43.0,4.0
865130,21043,,,,0.02,120.0,124.0,4.0
865141,21044,,,,0.02,58.0,62.0,4.0
865084,21045,,,,0.02,91.0,95.0,4.0
929638,21046,,,,0.015,113.0,118.0,5.0
865061,21047,,,,0.02,101.0,105.0,4.0
934147,21049,,,,0.02,56.0,60.0,4.0
962655,21062,,,,0.02,105.0,108.0,3.0
964606,21063,,,,0.02,140.0,144.0,4.0
964605,21070,,,,0.02,56.0,60.0,4.0
962672,21073,,,,0.015,57.0,62.0,5.0
962644,21085,,,,,131.0,134.0,3.0
966276,21173,,,,0.02,92.0,95.0,3.0
966278,21174,,,,0.02,112.0,115.0,3.0
966277,21175,,,,0.02,108.0,111.0,3.0
962636,21193,,,,0.02,167.0,170.0,3.0
962637,21194,,,,0.015,104.0,109.0,5.0
967753,21199,,,,0.025,92.0,96.0,4.0
966336,21209,,,,0.15,125.0,130.0,5.0
966338,21211,,,,0.2,59.0,62.0,3.0
966301,21238,,,,0.2,124.0,127.0,3.0
958151,21243,,,,0.02,144.0,148.0,4.0
966333,21283,,,,,75.0,80.0,5.0
966330,21295,,,,,168.0,172.0,4.0
748316,21296,,,,0.04,55.0,59.0,
748317,21297,,,,0.3,66.0,70.0,4.0
966340,21300,,,,0.15,44.0,47.0,3.0
962622,21401,,,,0.02,,,3.0
964609,21523,,,,0.02,57.0,61.0,4.0
962678,21525,,,,0.02,137.0,140.0,3.0
962624,21545,,,,0.015,206.0,209.0,3.0
773973,21572,,,,0.25,111.0,115.0,4.0
966351,21587,,,,0.02,112.0,115.0,3.0
966349,21588,,,,0.02,105.0,108.0,3.0
962682,21664,,,,,78.0,81.0,3.0
962665,21715,,,,0.02,74.0,77.0,3.0
910255,21729,5.000,CWW,PVC,0.02,60.0,64.0,4.0
910256,21730,5.000,CWW,PVC,0.02,57.0,65.0,8.0
910254,21731,,,,0.02,63.0,67.0,4.0
966409,21812,,,,0.02,86.0,89.0,3.0
953355,21861,,,,0.01,77.0,82.0,5.0
964617,21953,,,,0.02,59.0,63.0,4.0
974813,21980,4.000,CWW,STA,0.02,224.0,228.0,4.0
2086232,22007,5.000,CWW,STA,0.02,190.0,195.0,5.0
1020940,22214,6.000,CWW,STA,15.0,182.0,187.0,5.0
2080169,22311,2.000,MAC,PVC,0.01,4.0,14.0,10.0
974789,22380,6.000,CWW,STA,0.015,162.0,167.0,5.0
974788,22381,4.000,CWW,STA,0.02,138.0,141.0,3.0
2083893,22569,6.000,MAC,PVC,0.025,60.0,65.0,5.0
1021579,22604,4.000,CWW,STA,14.0,51.0,55.0,4.0
1021580,22605,4.000,CWW,STA,20.0,87.0,91.0,4.0
863556,22690,4.000,CWW,STA,0.02,136.0,139.0,3.0
2067839,22717,6.000,MAC,PVC,0.025,135.0,140.0,5.0
800067,22747,4.000,CWW,STA,0.02,104.0,107.0,3.0
974833,22865,6.000,CWW,STA,0.015,160.0,165.0,5.0
974826,22868,6.000,CWW,STA,0.02,100.0,108.0,8.0
974830,22869,4.000,CWW,STA,0.02,79.0,82.0,3.0
1021020,22887,4.000,CWW,STA,0.02,53.0,56.0,3.0
925570,22949,,,,0.018,77.0,81.0,4.0
929660,22952,,,,0.02,83.0,86.0,3.0
929662,22958,,,,0.02,91.0,94.0,3.0
929664,22959,,,,0.02,104.0,107.0,3.0
925571,22991,,,,0.01,65.0,70.0,5.0
925574,22992,,,,0.02,52.0,56.0,4.0
929651,22993,,,,0.015,99.0,104.0,6.0
926288,23078,,,,0.02,157.0,160.0,3.0
903705,23079,,,,0.015,97.0,101.0,4.0
886807,23080,,,,0.015,187.0,192.0,5.0
897842,23081,,,,0.02,84.0,87.0,3.0
903711,23082,,,,0.02,61.0,64.0,3.0
914869,23083,,,,0.02,106.0,109.0,3.0
914870,23084,,,,0.015,118.0,122.0,4.0
886803,23085,,,,0.02,120.0,123.0,3.0
910736,23086,,,,0.02,176.0,180.0,4.0
883250,23087,,,,0.015,179.0,184.0,5.0
908190,23088,,,,0.02,112.0,115.0,3.0
910709,23089,,,,0.02,69.0,72.0,3.0
910679,23090,,,,0.02,179.0,182.0,3.0
922378,23100,,,,0.02,45.0,48.0,3.0
878810,23121,,,,0.018,162.0,166.0,4.0
878811,23124,,,,0.018,59.0,63.0,4.0
886727,23125,,,,0.02,184.0,187.0,3.0
908196,23128,,,,0.015,171.0,176.0,5.0
873211,23133,,,,0.015,190.0,193.0,3.0
886737,23134,,,,0.02,72.0,75.0,3.0
865095,23135,,,,0.02,68.0,72.0,4.0
892080,23136,,,,0.02,74.0,77.0,3.0
892068,23137,,,,0.02,90.0,93.0,3.0
886836,23138,,,,0.02,92.0,95.0,3.0
886806,23139,,,,0.02,190.0,195.0,5.0
908163,23140,,,,0.02,78.0,88.0,10.0
873723,23141,,,,0.01,44.0,46.0,3.0
910774,23142,,,,0.02,195.0,199.0,4.0
897882,23143,,,,0.02,121.0,124.0,3.0
910725,23144,,,,0.02,156.0,160.0,4.0
910762,23145,,,,0.02,150.0,153.0,3.0
878801,23204,,,,0.018,134.0,138.0,4.0
910727,23212,,,,0.02,87.0,90.0,3.0
919249,23213,,,,0.02,156.0,159.0,3.0
878820,23214,,,,0.018,143.0,147.0,4.0
865067,23217,,,,0.02,86.0,90.0,4.0
910210,23219,,,,0.02,104.0,108.0,4.0
897854,23221,,,,0.02,79.0,82.0,3.0
908128,23223,,,,0.02,83.0,86.0,3.0
922413,23224,,,,0.15,104.0,108.0,4.0
897877,23225,,,,0.02,249.0,255.0,6.0
919241,23226,,,,0.02,154.0,158.0,4.0
922366,23227,,,,0.02,87.0,91.0,4.0
910200,23228,,,,0.02,53.0,57.0,4.0
919223,23229,,,,0.02,58.0,62.0,4.0
886801,23230,,,,0.02,69.0,72.0,3.0
926269,23231,,,,0.02,121.0,124.0,3.0
919245,23232,,,,0.02,98.0,103.0,5.0
886749,23233,,,,0.15,75.0,80.0,5.0
903698,23234,,,,0.02,153.0,157.0,4.0
926257,23235,,,,0.015,116.0,121.0,5.0
897849,23236,,,,0.15,78.0,81.0,3.0
922386,23237,,,,0.02,131.0,134.0,3.0
903713,23238,,,,0.02,164.0,167.0,3.0
897848,23239,,,,0.15,99.0,102.0,3.0
903710,23240,,,,0.02,57.0,60.0,3.0
873161,23241,,,,0.06,82.0,87.0,15.0
877583,23242,4.000,CWW,STA,0.02,119.0,122.0,3.0
886797,23243,,,,0.02,188.0,191.0,3.0
926308,23244,,,,0.15,89.0,93.0,4.0
919181,23245,,,,0.02,219.0,223.0,4.0
922402,23246,,,,0.02,162.0,165.0,3.0
929630,23247,,,,0.02,169.0,172.0,3.0
912543,23248,,,,0.025,179.0,184.0,5.0
922367,23250,,,,0.02,127.0,130.0,3.0
926261,23251,,,,0.02,104.0,107.0,3.0
877536,23252,,,,0.02,92.0,95.0,3.0
919222,23253,4.000,CWW,STA,0.02,76.0,80.0,4.0
922415,23254,,,,0.015,72.0,76.0,4.0
873250,23255,4.000,CWW,STA,0.02,65.0,68.0,3.0
886760,23256,,,,0.02,138.0,141.0,3.0
929627,23257,,,,0.02,66.0,71.0,5.0
873158,23258,,,,0.015,76.0,80.0,4.0
929633,23259,,,,0.02,147.0,150.0,3.0
873240,23260,,,,0.02,105.0,108.0,3.0
892072,23261,,,,0.02,63.0,66.0,3.0
865092,23262,,,,0.02,59.0,63.0,4.0
865129,23263,,,,0.02,132.0,136.0,4.0
868468,23265,,,,0.018,61.0,65.0,4.0
868463,23266,,,,0.016,89.0,93.0,4.0
934089,23330,,,,0.2,130.0,133.0,3.0
934091,23331,,,,0.2,157.0,160.0,3.0
908203,23369,,,,0.02,105.0,108.0,3.0
903722,23370,,,,0.02,146.0,149.0,3.0
892038,23371,,,,0.02,90.0,93.0,3.0
903700,23372,,,,0.02,101.0,111.0,10.0
875771,23373,5.000,CWW,STA,0.015,53.0,57.0,4.0
897900,23374,,,,0.02,103.0,107.0,4.0
908169,23375,,,,0.015,79.0,84.0,5.0
929628,23382,,,,0.02,119.0,122.0,3.0
873167,23385,,,,0.02,118.0,121.0,3.0
868452,23387,,,,0.02,98.0,102.0,4.0
865127,23389,,,,0.02,86.0,90.0,4.0
865114,23390,,,,0.02,151.0,155.0,4.0
865097,23391,,,,0.02,75.0,79.0,4.0
865121,23392,,,,0.02,143.0,147.0,4.0
877620,23426,,,,0.015,101.0,106.0,5.0
873171,23427,,,,0.015,140.0,145.0,6.0
873203,23428,6.000,CWW,FIB,0.015,138.0,143.0,5.0
919243,23429,,,,0.02,106.0,109.0,3.0
873177,23430,,,,0.02,120.0,123.0,3.0
873202,23431,6.000,CWW,STA,0.015,136.0,142.0,6.0
910773,23434,,,,0.02,121.0,124.0,3.0
873233,23435,,,,0.02,54.0,57.0,5.0
877584,23436,,,,0.015,127.0,131.0,4.0
883211,23437,,,,0.015,118.0,122.0,4.0
865093,23439,,,,0.02,86.0,90.0,4.0
865144,23441,,,,0.02,35.0,39.0,4.0
873162,23443,,,,0.02,59.0,62.0,4.0
873206,23444,,,,0.02,105.0,108.0,3.0
922352,23445,,,,0.02,142.0,145.0,3.0
919217,23446,,,,0.02,71.0,74.0,3.0
910721,23447,,,,0.02,147.0,151.0,4.0
962687,23537,,,,0.02,231.0,236.0,5.0
964608,23561,,,,0.02,72.0,76.0,4.0
966252,23562,,,,0.03,187.0,217.0,20.0
966253,23563,,,,0.02,195.0,210.0,15.0
966255,23564,,,,0.015,149.0,153.0,4.0
962669,23582,,,,0.02,88.0,91.0,3.0
962664,23583,,,,0.02,92.0,95.0,3.0
964607,23600,,,,0.02,40.0,44.0,4.0
962676,23602,,,,0.02,112.0,115.0,3.0
966357,23626,,,,0.15,75.0,80.0,5.0
966326,23654,,,,0.15,201.0,205.0,4.0
966324,23655,,,,0.15,237.0,242.0,5.0
966328,23656,,,,0.15,34.0,39.0,5.0
773975,23779,,,,0.025,143.0,147.0,4.0
962680,23780,,,,0.02,67.0,70.0,3.0
966359,23806,,,,0.02,63.0,66.0,3.0
966334,23819,,,,0.2,104.0,107.0,3.0
966361,23825,,,,0.2,148.0,151.0,3.0
967728,23826,,,,0.25,54.0,58.0,4.0
966292,23884,,,,0.15,85.0,90.0,5.0
962693,23953,4.000,CWW,STA,0.02,185.0,188.0,3.0
953360,23957,,,,0.015,69.0,73.0,4.0
962691,23972,,,,,71.0,74.0,3.0
962696,23973,,,,0.015,110.0,114.0,4.0
964614,24009,,,,0.02,130.0,134.0,4.0
964615,24019,,,,0.02,116.0,120.0,4.0
958157,24020,5.000,CWW,PVC,0.02,76.0,80.0,4.0
960043,24065,,,,0.05,121.0,126.0,5.0
966257,24077,,,,0.015,101.0,106.0,5.0
953359,24118,,,,0.018,45.0,50.0,5.0
2070084,24323,2.000,MAC,PVC,0.01,5.0,15.0,10.0
2070086,24324,2.000,MAC,PVC,0.01,5.0,15.0,10.0
2081433,24334,2.000,MAC,PVC,0.01,22.0,32.0,10.0
2076201,24364,2.000,MAC,PVC,0.01,6.0,16.0,10.0
1020986,24548,6.000,CWW,STA,15.0,88.0,93.0,5.0
1020983,24549,6.000,CWW,STA,15.0,118.0,121.0,3.0
2066482,24616,5.000,MAC,PVC,0.02,113.0,118.0,5.0
2069234,24711,2.000,MAC,PVC,0.01,2.0,12.2,10.0
2075955,24751,2.000,MAC,PVC,0.01,17.0,27.0,10.0
910219,24846,,,,0.02,122.0,126.0,4.0
910218,24854,,,,0.02,62.0,66.0,4.0
748309,24883,,,,0.03,148.0,152.0,4.0
865115,24893,,,,0.02,49.0,53.0,4.0
919220,24894,,,,0.02,131.0,136.0,5.0
926344,24897,,,,0.02,80.0,94.0,3.0
877563,24899,,,,0.2,75.0,78.0,3.0
877531,24900,,,,0.015,75.0,79.0,4.0
873180,24905,,,,0.02,76.0,80.0,4.0
908210,24955,,,,0.015,113.0,117.0,4.0
908211,24956,,,,0.015,59.0,63.0,4.0
908165,24957,,,,0.02,147.0,150.0,3.0
929672,25056,,,,0.02,239.0,244.0,5.0
875751,25062,,,,0.07,67.0,74.0,8.0
910206,25063,,,,0.02,38.0,42.0,4.0
865135,25064,,,,0.02,48.0,52.0,4.0
910213,25086,,,,0.02,104.0,107.0,4.0
910215,25088,,,,0.02,46.0,50.0,4.0
868462,25089,,,,0.016,95.0,99.0,4.0
878825,25091,,,,0.02,117.0,121.0,4.0
910557,25093,,,,0.03,81.0,83.0,3.0
910552,25094,,,,0.02,67.0,70.0,3.0
910551,25095,,,,0.01,86.0,90.0,4.0
865136,25096,,,,0.02,40.0,44.0,4.0
878824,25097,,,,0.016,54.0,58.0,4.0
871860,25098,,,,0.01,47.0,52.0,5.0
891414,25100,,,,0.025,116.0,121.0,5.0
912514,25101,,,,0.025,153.0,158.0,5.0
865139,25102,,,,0.02,66.0,70.0,4.0
865147,25103,,,,0.02,67.0,71.0,4.0
865137,25104,5.000,CWW,PVC,0.02,85.0,89.0,4.0
910189,25105,,,,0.02,41.0,45.0,4.0
748306,25106,,,,0.03,98.0,102.0,4.0
910216,25107,,,,0.02,54.0,58.0,4.0
865112,25108,5.000,CWW,PVC,0.02,56.0,60.0,4.0
748305,25109,5.000,CWW,STA,0.025,73.0,77.0,9.0
865078,25110,5.000,CWW,PVC,0.02,68.0,72.0,4.0
934142,25112,,,,0.02,127.0,131.0,4.0
865096,25215,5.000,CWW,PVC,0.02,86.0,90.0,4.0
865091,25216,5.000,CWW,PVC,0.02,121.0,125.0,4.0
891471,25222,6.000,MAC,PVC,0.025,160.0,165.0,5.0
910269,25224,,,,0.02,100.0,108.0,8.0
865071,25226,,,,0.02,40.0,44.0,4.0
878815,25228,,,,0.018,53.0,57.0,4.0
868466,25230,,,,0.02,135.0,139.0,4.0
910212,25233,,,,0.02,53.0,57.0,4.0
865057,25234,,,,0.02,76.0,80.0,4.0
910271,25235,,,,0.02,47.0,51.0,4.0
865077,25236,,,,0.02,76.0,80.0,4.0
877615,25237,,,,0.02,101.0,104.0,3.0
865065,25238,,,,0.02,116.0,120.0,4.0
873238,25239,4.000,CWW,STA,0.02,209.0,212.0,3.0
865066,25240,,,,0.02,41.0,45.0,4.0
865064,25241,,,,0.02,137.0,141.0,4.0
748311,25242,,,,0.03,59.0,63.0,5.0
873242,25243,4.000,CWW,STA,0.02,97.0,100.0,3.0
877604,25244,,,,0.02,99.0,102.0,3.0
840433,25245,,,,0.02,106.0,110.0,4.0
873168,25248,4.000,CWW,STA,0.02,122.0,125.0,3.0
922407,25249,,,,0.015,121.0,126.0,5.0
865076,25250,,,,0.02,50.0,54.0,4.0
865062,25251,,,,0.02,71.0,75.0,4.0
910177,25254,,,,0.02,71.0,75.0,4.0
934140,25255,0.000,CWW,STA,0.02,68.0,71.0,0.0
934141,25256,,,,0.02,200.0,204.0,4.0
910758,25308,,,,0.02,125.0,128.0,3.0
939479,25309,,,,,87.0,91.0,14.0
886745,25310,,,,0.02,136.0,139.0,3.0
873245,25311,,,,0.02,135.0,138.0,3.0
934167,25340,,,,0.02,79.0,82.0,3.0
934165,25341,,,,0.02,120.0,123.0,3.0
934168,25342,,,,0.02,99.0,104.0,5.0
868473,25343,,,,0.018,76.0,80.0,4.0
926324,25351,,,,0.02,88.0,93.0,5.0
886796,25353,4.000,CWW,STA,0.015,65.0,69.0,4.0
919237,25354,,,,0.02,95.0,99.0,4.0
910754,25356,,,,0.02,97.0,100.0,3.0
910732,25358,,,,0.02,106.0,109.0,3.0
910756,25359,,,,0.02,68.0,71.0,3.0
922409,25360,,,,0.2,95.0,100.0,5.0
910750,25361,,,,0.015,185.0,188.0,3.0
897887,25362,,,,0.02,52.0,55.0,3.0
892094,25363,6.000,CWW,STA,0.015,31.0,34.0,3.0
926256,25364,,,,0.015,149.0,154.0,5.0
922437,25365,4.000,CWW,STA,0.02,92.0,95.0,3.0
926346,25366,,,,0.02,88.0,91.0,3.0
922439,25367,,,,0.05,94.0,97.0,3.0
903685,25368,,,,0.02,57.0,60.0,3.0
910198,25369,,,,0.02,56.0,60.0,4.0
919216,25370,,,,0.02,143.0,146.0,3.0
910193,25371,,,,0.02,104.0,108.0,4.0
903686,25372,,,,0.02,58.0,61.0,3.0
910722,25373,4.000,CWW,STA,0.02,88.0,92.0,4.0
908154,25374,,,,0.2,78.0,81.0,3.0
903708,25375,,,,0.02,52.0,55.0,3.0
903693,25376,4.000,CWW,STA,0.015,118.0,122.0,4.0
922429,25377,,,,0.02,77.0,80.0,3.0
883159,25378,,,,0.02,105.0,108.0,3.0
897861,25379,,,,0.02,202.0,205.0,3.0
926306,25380,,,,0.02,81.0,85.0,4.0
929640,25381,,,,0.02,48.0,53.0,5.0
897803,25382,4.000,CWW,STA,0.015,115.0,119.0,4.0
897804,25383,,,,0.02,97.0,100.0,3.0
926348,25384,,,,0.02,88.0,91.0,3.0
892046,25385,,,,0.15,65.0,70.0,5.0
915637,25441,6.000,MAC,PVC,0.03,139.0,147.0,8.0
915636,25442,,,,0.03,146.0,158.0,12.0
910207,25443,5.000,CWW,PVC,0.02,85.0,89.0,4.0
868455,25446,,,,0.016,56.0,60.0,4.0
892011,25450,,,,0.02,158.0,161.0,3.0
886828,25452,,,,0.02,91.0,94.0,3.0
892027,25455,,,,0.02,61.0,64.0,3.0
897832,25457,,,,0.02,84.0,87.0,3.0
865133,25459,5.000,CWW,PVC,0.02,47.0,51.0,4.0
919207,25461,,,,0.02,100.0,103.0,3.0
919186,25462,,,,0.02,76.0,79.0,3.0
922370,25463,,,,0.02,125.0,128.0,3.0
922384,25464,,,,0.02,75.0,78.0,3.0
910267,25469,,,,0.02,114.0,118.0,4.0
877621,25481,,,,0.02,73.0,76.0,3.0
883163,25485,,,,0.02,92.0,95.0,3.0
865058,25493,,,,0.02,158.0,162.0,4.0
925573,25496,,,,0.018,56.0,60.0,4.0
892096,25497,,,,0.02,52.0,55.0,3.0
903724,25499,,,,0.02,91.0,94.0,3.0
908209,25501,,,,0.02,89.0,92.0,3.0
877619,25504,,,,0.02,107.0,115.0,8.0
925565,25506,,,,0.018,99.0,103.0,4.0
925564,25507,,,,0.018,144.0,149.0,5.0
925567,25508,,,,0.02,129.0,131.0,4.0
883233,25509,4.000,CWW,STA,0.02,90.0,93.0,3.0
910266,25515,,,,0.02,68.0,72.0,4.0
910272,25517,,,,0.02,92.0,96.0,4.0
910223,25518,,,,0.02,106.0,110.0,4.0
925556,25576,,,,0.02,55.0,60.0,5.0
925555,25577,,,,0.02,103.0,108.0,5.0
910220,25578,,,,0.02,57.0,61.0,4.0
871875,25579,,,,0.01,47.0,52.0,5.0
934126,25621,,,,0.02,187.0,190.0,3.0
910268,25623,,,,0.02,61.0,65.0,4.0
878805,25627,,,,0.018,100.0,104.0,4.0
910712,25631,,,,0.015,73.0,77.0,4.0
910179,25632,,,,0.02,62.0,66.0,4.0
908155,25633,,,,0.02,75.0,79.0,3.0
897874,25634,,,,0.02,125.0,128.0,3.0
886744,25637,,,,0.02,86.0,89.0,3.0
886772,25638,8.000,CWW,STA,0.025,111.0,126.0,15.0
886773,25639,,,,0.02,108.0,113.0,5.0
886771,25640,,,,0.035,102.0,122.0,20.0
877565,25641,,,,0.02,112.0,115.0,3.0
873216,25643,,,,0.02,97.0,100.0,3.0
908207,25644,,,,0.015,79.0,83.0,4.0
919206,25645,,,,0.02,79.0,82.0,3.0
922356,25646,4.000,CWW,STA,0.02,91.0,94.0,3.0
926255,25647,,,,0.015,75.0,79.0,4.0
929649,25648,,,,0.02,91.0,94.0,3.0
908193,25649,,,,0.02,107.0,110.0,3.0
892088,25651,,,,0.02,86.0,89.0,3.0
877569,25653,,,,0.015,186.0,191.0,5.0
773960,25707,,,,,148.0,156.0,8.0
939530,25768,,,,0.15,60.0,63.0,3.0
962610,25890,,,,,82.0,85.0,3.0
966304,25919,4.000,CWW,STA,0.02,61.0,64.0,3.0
966303,26001,,,,0.2,133.0,136.0,3.0
962639,26018,,,,0.02,177.0,180.0,3.0
964618,26094,,,,0.02,56.0,60.0,4.0
966426,26103,,,,0.015,143.0,153.0,10.0
966391,26358,,,,0.015,120.0,125.0,5.0
964621,26373,5.000,CWW,PVC,0.02,82.0,90.0,8.0
980224,26374,,,,0.05,72.0,75.0,3.0
964622,26375,,,,0.02,108.0,116.0,8.0
967750,26376,,,,0.025,92.0,100.0,8.0
964623,26377,,,,0.02,80.0,84.0,4.0
980404,26403,,,,0.2,97.0,105.0,8.0
980396,26476,,,,0.02,119.0,122.0,3.0
966439,26477,,,,0.015,142.0,147.0,5.0
967729,26564,,,,0.025,46.0,50.0,4.0
1021011,26815,4.000,CWW,STA,20.0,85.0,88.0,3.0
1021009,26816,4.000,CWW,STA,20.0,100.0,103.0,3.0
2068685,26970,5.000,MAC,PVC,0.02,103.0,108.0,5.0
2083461,27022,2.000,MAC,PVC,0.01,4.0,16.0,12.0
2083469,27023,2.000,MAC,PVC,0.01,4.0,16.0,12.0
1020934,27034,6.000,CWW,STA,15.0,,,3.0
974845,27051,4.000,CWW,STA,0.02,108.0,111.0,3.0
974844,27052,6.000,CWW,STA,0.02,172.0,177.0,5.0
974846,27054,4.000,CWW,STA,0.02,75.0,78.0,3.0
939510,27238,,,,0.02,187.0,190.0,3.0
930176,27239,6.000,PRE,PVC,0.025,120.0,125.0,5.0
930179,27240,,,,0.025,77.0,82.0,5.0
939489,27251,,,,0.015,109.0,114.0,5.0
914855,27252,,,,0.02,94.0,102.0,8.0
922406,27253,,,,0.02,54.0,57.0,3.0
929675,27297,,,,0.2,75.0,78.0,3.0
939542,27452,4.000,CWW,STA,0.02,80.0,83.0,3.0
773963,27456,5.000,LOU,STA,0.025,88.0,92.0,4.0
910227,27457,,,,0.02,116.0,120.0,4.0
939516,27697,4.000,CWW,STA,0.02,85.0,88.0,3.0
939512,27698,,,,,117.0,122.0,5.0
939546,27718,,,,,179.0,182.0,3.0
939478,27744,,,,0.02,57.0,60.0,3.0
939532,27770,,,,,61.0,65.0,4.0
939533,27771,,,,,108.0,114.0,5.0
934098,27857,,,,0.2,250.0,257.0,7.0
910228,27896,,,,0.02,99.0,103.0,4.0
939528,27943,,,,,94.0,98.0,4.0
939527,27946,,,,,105.0,110.0,5.0
934130,27970,,,,0.2,77.0,80.0,3.0
934132,27971,,,,0.2,70.0,74.0,4.0
939560,27984,,,,,91.0,95.0,4.0
966403,28294,,,,0.015,103.0,107.0,4.0
966405,28295,,,,0.02,120.0,123.0,3.0
966404,28296,,,,0.02,105.0,108.0,3.0
967752,28334,,,,,90.0,94.0,4.0
943744,28389,,,,0.07,78.0,82.0,40.0
943745,28391,,,,0.15,55.0,59.0,4.0
980408,28605,,,,,120.0,123.0,3.0
966434,28786,,,,0.02,90.0,94.0,4.0
966432,28787,,,,0.02,202.0,205.0,3.0
964613,28849,,,,0.02,71.0,75.0,4.0
958154,28850,,,,0.02,126.0,130.0,4.0
958152,28851,,,,0.02,60.0,64.0,4.0
958153,28852,,,,0.02,71.0,75.0,4.0
966288,28853,,,,0.15,75.0,77.0,5.0
966294,28854,,,,0.2,73.0,76.0,3.0
966295,28855,,,,0.2,85.0,88.0,3.0
966314,28856,,,,0.015,103.0,107.0,4.0
966437,28872,4.000,CWW,STA,0.02,87.0,90.0,3.0
966435,28873,4.000,CWW,STA,0.02,75.0,78.0,3.0
964626,28874,,,,0.02,79.0,83.0,4.0
980352,29005,,,,0.02,76.0,79.0,3.0
980354,29015,,,,,90.0,93.0,3.0
980359,29016,,,,,83.0,86.0,3.0
966322,29033,,,,0.02,90.0,93.0,3.0
980255,29090,,,,0.02,77.0,80.0,3.0
980257,29091,,,,0.02,105.0,108.0,3.0
967749,29092,,,,0.025,88.0,92.0,4.0
965085,29175,,,,0.7,36.0,40.0,4.0
966270,29216,,,,,214.0,217.0,3.0
964610,29217,,,,0.02,76.0,80.0,4.0
964612,29218,,,,0.02,56.0,60.0,4.0
966311,29238,,,,0.2,75.0,78.0,3.0
967748,29297,4.000,CWW,STA,0.025,77.0,81.0,4.0
958159,29298,,,,0.02,76.0,80.0,4.0
980250,29299,4.000,CWW,STA,0.02,63.0,66.0,3.0
974782,29368,4.000,CWW,STA,0.02,62.0,65.0,3.0
974783,29369,4.000,CWW,STA,0.02,69.0,72.0,3.0
974785,29424,6.000,CWW,STA,0.02,57.0,62.0,5.0
1021550,29501,4.000,CWW,STA,20.0,72.0,75.0,3.0
974760,29523,6.000,CWW,STA,0.02,113.0,118.0,5.0
2087773,29552,2.000,MAC,PVC,0.01,6.0,16.0,10.0
2085899,29596,4.000,CWW,STA,0.05,132.0,135.0,3.0
1020927,29665,4.000,CWW,STA,20.0,167.0,170.0,3.0
1020926,29666,6.000,MAC,STA,15.0,99.0,104.0,5.0
2070087,29718,2.000,MAC,PVC,0.01,5.0,15.0,10.0
974797,29775,6.000,CWW,STA,0.015,94.0,99.0,5.0
2081571,29872,2.000,MAC,PVC,0.01,1.0,12.0,11.0
2082786,29924,6.000,MAC,PVC,0.05,60.0,70.0,10.0
2082787,29925,6.000,MAC,PVC,0.05,68.0,73.0,5.0
1021513,29936,4.000,CWW,STA,20.0,95.0,98.0,3.0
886763,29949,,,,0.02,124.0,127.0,3.0
886833,29950,,,,0.02,133.0,136.0,3.0
939547,29952,,,,,202.0,206.0,4.0
974822,30059,4.000,CWW,STA,0.02,135.0,138.0,3.0
1020974,30213,6.000,CWW,STA,15.0,132.0,137.0,5.0
1021541,30297,6.000,CWW,STA,15.0,66.0,69.0,3.0
833761,30299,,CWW,STA,0.015,136.0,140.0,4.0
2081950,30303,5.000,MAC,PVC,0.02,63.0,68.0,5.0
1021508,30375,6.000,CWW,STA,20.0,205.0,215.0,10.0
1021510,30376,4.000,CWW,STA,20.0,189.0,192.0,3.0
865104,30580,5.000,CWW,PVC,0.02,48.0,52.0,4.0
875764,30583,,,,0.01,77.0,82.0,6.0
908197,30605,,,,0.015,98.0,101.0,3.0
908151,30606,,,,0.02,103.0,106.0,3.0
886805,30608,,,,0.015,120.0,123.0,3.0
892029,30610,,,,0.015,111.0,114.0,3.0
892083,30611,,,,0.02,104.0,107.0,3.0
892064,30612,,,,0.015,108.0,113.0,5.0
892076,30613,,,,0.02,91.0,94.0,3.0
908186,30616,,,,0.015,77.0,80.0,3.0
873185,30617,,,,0.015,140.0,145.0,6.0
919177,30618,6.000,CWW,STA,0.015,64.0,67.0,3.0
910771,30626,,,,0.015,77.0,80.0,3.0
919228,30627,,,,0.02,150.0,154.0,4.0
919225,30628,,,,0.02,56.0,59.0,3.0
865111,30636,,,,0.02,71.0,75.0,4.0
908167,30637,,,,0.02,72.0,75.0,3.0
926276,30638,,,,0.02,172.0,175.0,3.0
877571,30640,,,,0.02,128.0,131.0,3.0
910208,30641,,,,0.02,60.0,64.0,4.0
865134,30646,,,,0.02,60.0,64.0,4.0
892098,30727,4.000,CWW,STA,0.02,136.0,139.0,3.0
897811,30728,6.000,CWW,STA,0.015,144.0,147.0,3.0
908220,30730,,,,0.02,72.0,75.0,3.0
891426,30731,,,,0.025,65.0,70.0,5.0
897847,30732,,,,0.02,102.0,107.0,5.0
897892,30733,,,,0.02,134.0,137.0,3.0
897863,30734,,,,0.015,59.0,63.0,4.0
903689,30735,,,,0.02,123.0,126.0,3.0
903715,30736,4.000,CWW,STA,0.015,99.0,103.0,4.0
908153,30737,,,,0.015,176.0,180.0,4.0
903688,30738,,,,0.02,83.0,86.0,3.0
897872,30739,,,,0.015,115.0,120.0,5.0
886831,30740,,,,0.02,77.0,80.0,3.0
903704,30751,,,,0.015,93.0,98.0,5.0
897895,30752,,,,0.015,103.0,107.0,4.0
883232,30754,,,,0.015,105.0,110.0,5.0
897853,30755,,,,0.02,75.0,78.0,3.0
914860,30757,,,,0.015,119.0,122.0,3.0
914889,30758,,,,0.015,86.0,90.0,4.0
897852,30760,,,,0.02,77.0,80.0,3.0
886736,30761,,,,0.015,154.0,158.0,4.0
892066,30762,,,,0.02,102.0,105.0,3.0
875765,30763,,,,0.012,56.0,60.0,4.0
925552,30764,,,,0.018,90.0,94.0,4.0
886850,30765,,,,0.02,78.0,81.0,3.0
919190,30766,,,,0.02,156.0,160.0,4.0
877613,30767,,,,0.02,76.0,79.0,3.0
910209,30768,,,,0.02,56.0,60.0,4.0
910734,30769,,,,0.02,107.0,110.0,3.0
873234,30770,,,,0.02,120.0,123.0,3.0
873244,30771,,,,0.02,58.0,63.0,5.0
877564,30772,,,,0.02,119.0,123.0,4.0
877575,30773,,,,0.02,56.0,59.0,3.0
873198,30774,,,,0.02,194.0,202.0,8.0
883174,30777,,,,0.015,98.0,103.0,5.0
873208,30778,,,,0.015,100.0,106.0,5.0
897894,30779,,,,0.02,103.0,106.0,3.0
908171,30780,,,,0.015,67.0,72.0,5.0
914863,30781,,,,0.015,92.0,97.0,5.0
914865,30782,,,,0.015,131.0,134.0,3.0
926285,30783,,,,0.02,114.0,117.0,3.0
914872,30784,,,,0.015,134.0,138.0,4.0
908136,30785,6.000,CWW,STA,0.015,135.0,143.0,8.0
912499,30799,,,,0.025,111.0,116.0,5.0
865118,30800,,,,0.02,72.0,76.0,4.0
865056,30801,,,,0.02,97.0,101.0,4.0
873212,30802,,,,0.015,193.0,198.0,5.0
877606,30803,,,,0.02,138.0,141.0,3.0
877590,30804,,,,0.015,78.0,82.0,4.0
897855,30879,,,,0.02,220.0,224.0,4.0
897878,30880,4.000,CWW,STA,0.02,103.0,106.0,3.0
908137,30906,6.000,CWW,STA,0.015,113.0,118.0,6.0
886747,30907,,,,0.015,104.0,112.0,8.0
886786,30910,,,,0.015,71.0,76.0,5.0
883165,30918,,,,0.02,165.0,170.0,5.0
877625,30919,,,,0.015,88.0,92.0,4.0
908166,30920,,,,0.02,103.0,106.0,3.0
883153,30921,,,,0.02,64.0,67.0,3.0
886791,30922,,,,0.02,61.0,64.0,3.0
886795,30923,,,,0.02,76.0,79.0,3.0
886728,30924,,,,0.02,82.0,85.0,3.0
873200,30925,,,,0.02,74.0,78.0,3.0
897885,30926,,,,0.02,58.0,61.0,3.0
926350,30927,,,,0.02,167.0,170.0,3.0
922372,30928,,,,0.02,76.0,79.0,3.0
897888,30929,,,,0.02,50.0,55.0,5.0
910769,30931,4.000,CWW,STA,0.02,82.0,85.0,3.0
922360,30932,,,,0.02,162.0,165.0,3.0
865126,30934,,,,0.02,80.0,84.0,4.0
891436,30935,,,,0.025,200.0,205.0,5.0
878821,30936,,,,0.018,103.0,107.0,4.0
855574,30937,5.000,CWW,PVC,0.02,71.0,75.0,4.0
865068,30938,,,,0.02,51.0,55.0,4.0
865080,30939,,,,0.02,61.0,65.0,4.0
865086,30940,,,,0.02,131.0,135.0,4.0
865094,30942,,,,0.02,46.0,50.0,4.0
868456,30943,,,,0.016,71.0,75.0,4.0
865098,30944,5.000,CWW,PVC,0.02,51.0,55.0,4.0
878808,30946,,,,0.02,58.0,62.0,4.0
868459,30947,,,,0.016,167.0,177.0,4.0
910188,30949,,,,0.02,55.0,59.0,4.0
748310,30951,,,,0.03,49.0,53.0,4.0
865110,30952,5.000,CWW,PVC,0.02,91.0,95.0,4.0
865120,30954,,,,0.02,98.0,102.0,4.0
897879,31032,,,,0.02,108.0,111.0,3.0
910687,31033,,,,0.015,85.0,90.0,5.0
919219,31035,,,,0.015,86.0,91.0,5.0
922380,31036,,,,0.015,82.0,103.0,5.0
919246,31037,,,,0.02,106.0,109.0,3.0
922394,31038,,,,0.02,61.0,64.0,3.0
897834,31039,,,,0.02,106.0,109.0,3.0
873215,31040,,,,0.02,163.0,166.0,3.0
873221,31043,,,,0.02,159.0,163.0,4.0
922448,31046,,,,0.015,118.0,123.0,5.0
926282,31048,,,,0.02,75.0,78.0,3.0
926335,31049,,,,0.02,76.0,79.0,3.0
922420,31050,4.000,CWW,STA,0.02,83.0,86.0,3.0
934128,31057,,,,0.15,108.0,112.0,4.0
741457,31063,,,,0.2,63.0,68.0,
926342,31067,4.000,CWW,STA,0.02,91.0,94.0,3.0
914877,31068,,,,0.02,73.0,76.0,3.0
919182,31069,,,,0.02,159.0,162.0,3.0
919188,31070,4.000,CWW,STA,0.015,121.0,125.0,4.0
922435,31106,,,,0.02,248.0,252.0,4.0
892070,31107,,,,0.02,167.0,170.0,3.0
892086,31108,,,,0.02,136.0,139.0,3.0
886826,31109,,,,0.02,146.0,149.0,3.0
892013,31110,,,,0.02,101.0,111.0,10.0
892049,31111,,,,0.015,97.0,102.0,5.0
897808,31112,,,,0.02,161.0,164.0,3.0
903683,31113,,,,0.015,114.0,118.0,4.0
908139,31114,,,,0.015,79.0,84.0,5.0
897802,31115,,,,0.02,186.0,189.0,3.0
922398,31116,,,,0.015,170.0,174.0,4.0
877542,31117,,,,0.015,93.0,97.0,4.0
877543,31118,,,,0.02,76.0,79.0,3.0
883243,31119,,,,0.015,95.0,99.0,4.0
883244,31120,,,,0.015,102.0,106.0,4.0
939523,31221,,,,,100.0,105.0,5.0
939519,31223,,,,,88.0,93.0,5.0
939520,31225,,,,,137.0,140.0,3.0
939522,31226,,,,,104.0,109.0,5.0
939521,31227,,,,,109.0,114.0,5.0
914900,31393,,,,0.02,144.0,147.0,3.0
910751,31394,,,,0.02,209.0,214.0,5.0
922364,31396,,,,0.02,151.0,154.0,3.0
914858,31397,,,,0.15,90.0,94.0,4.0
903684,31398,,,,0.02,88.0,91.0,3.0
897867,31399,,,,0.02,76.0,79.0,3.0
964624,31552,,,,0.02,45.0,49.0,4.0
980210,31553,,,,0.02,81.0,84.0,3.0
964499,31660,,,,0.015,90.0,94.0,4.0
980221,31705,,,,,105.0,109.0,4.0
953370,31713,,,,0.018,127.0,132.0,5.0
953369,31714,,,,0.02,40.0,45.0,5.0
980213,31796,,,,0.02,118.0,121.0,3.0
980403,31836,,,,0.02,149.0,152.0,3.0
964620,31838,,,,0.03,95.0,99.0,4.0
967731,31856,,,,0.025,41.0,45.0,4.0
967730,31864,,,,0.025,91.0,95.0,4.0
980242,31932,6.000,CWW,STA,0.015,72.0,75.0,3.0
980245,31933,,,,0.2,82.0,85.0,3.0
748319,31942,,,,0.03,48.0,52.0,4.0
980406,31943,,,,0.15,86.0,147.0,5.0
991363,32125,,,,0.01,2.5,29.0,26.0
980235,32157,4.000,CWW,STA,0.015,118.0,122.0,4.0
980233,32158,,,,0.05,70.0,74.0,4.0
958164,32309,,,,0.02,76.0,80.0,4.0
958161,32310,,,,0.03,48.0,53.0,5.0
980265,32347,4.000,CWW,STA,0.02,87.0,90.0,3.0
980249,32348,,,,,100.0,117.0,
980258,32354,,,,0.015,209.0,214.0,5.0
980253,32356,4.000,CWW,STA,0.02,95.0,98.0,3.0
980252,32358,,,,,83.0,86.0,4.0
958160,32359,,,,0.02,119.0,123.0,4.0
966353,32407,,,,0.015,128.0,131.0,3.0
966342,32464,,,,0.02,107.0,110.0,3.0
966343,32465,,,,0.015,60.0,64.0,4.0
2076200,32579,2.000,MAC,PVC,0.01,6.0,16.0,10.0
2076202,32580,2.000,MAC,PVC,0.01,6.0,16.0,10.0
2076203,32581,2.000,MAC,PVC,0.01,6.0,16.0,10.0
2072945,32956,6.000,MAC,PVC,0.025,72.0,77.0,5.0
2080276,32980,2.000,MAC,PVC,0.01,2.0,10.0,8.0
759348,32998,4.000,CWW,STA,0.02,72.0,75.0,3.0
974794,33009,4.000,CWW,STA,0.015,110.0,114.0,4.0
1021504,33023,4.000,CWW,STA,20.0,122.0,125.0,3.0
974815,33070,4.000,CWW,STA,0.02,175.0,179.0,4.0
974814,33071,4.000,CWW,STA,0.02,93.0,97.0,4.0
974818,33136,6.000,CWW,STA,0.015,142.0,145.0,3.0
1021514,33246,4.000,CWW,STA,20.0,144.0,147.0,3.0
1021548,33431,6.000,CWW,STA,15.0,85.0,90.0,5.0
1021549,33432,6.000,CWW,STA,0.015,138.0,151.0,8.0
1021970,33581,4.000,CWW,STA,15.0,184.0,188.0,4.0
877566,33674,,,,0.02,75.0,78.0,3.0
873231,33676,,,,0.015,87.0,91.0,4.0
910688,33679,,,,0.02,92.0,95.0,3.0
865143,33684,,,,0.02,56.0,60.0,4.0
865145,33685,,,,0.02,136.0,140.0,4.0
910182,33687,,,,0.02,43.0,47.0,4.0
939555,33841,,,,,102.0,105.0,3.0
922074,34050,,,,,75.0,79.0,4.0
910245,34106,5.000,CWW,PVC,0.02,51.0,55.0,4.0
947342,34108,,,,0.015,81.0,85.0,4.0
947336,34109,,,,0.02,183.0,186.0,3.0
947344,34110,,,,0.015,104.0,107.0,3.0
947337,34112,,,,0.015,107.0,111.0,4.0
748314,34439,5.000,CWW,PVC,0.03,108.0,112.0,4.0
939573,34517,,,,0.2,125.0,130.0,5.0
910226,34569,5.000,CWW,PVC,0.02,55.0,59.0,4.0
943154,34588,,,,0.02,97.0,100.0,3.0
991362,34759,,,,0.01,2.5,29.0,26.0
991361,34760,,,,0.01,2.5,29.0,27.0
980225,34915,,,,0.2,195.0,198.0,3.0
992046,34929,,,,0.02,57.0,62.0,5.0
980248,35013,4.000,CWW,STA,0.2,81.0,84.0,3.0
983831,35014,,,,,54.0,58.0,4.0
953744,35016,6.000,MAC,PVC,0.025,131.0,136.0,5.0
965104,35052,,,,0.15,137.0,140.0,4.0
980232,35060,,,,0.02,92.0,95.0,3.0
967732,35061,,,,0.015,35.0,42.0,8.0
980231,35062,,,,0.02,95.0,98.0,3.0
953378,35068,,,,0.018,85.0,90.0,5.0
953733,35217,,,,0.025,155.0,160.0,5.0
992089,35436,,,,,87.0,90.0,3.0
965013,35512,,,,,74.0,77.0,3.0
973253,35528,,,,0.025,60.0,65.0,5.0
973280,35580,,,,0.25,56.0,61.0,5.0
992085,35624,,,,0.015,150.0,154.0,4.0
980384,35627,,,,0.02,135.0,138.0,3.0
980277,35736,,,,,50.0,54.0,4.0
2074965,35840,6.000,MAC,PVC,0.05,110.0,118.0,8.0
2083894,35851,6.000,MAC,PVC,0.05,59.0,79.0,20.0
2085878,35868,12.000,CWW,STA,0.04,105.0,135.0,30.0
2085880,35869,4.000,CWW,STA,0.04,116.0,119.0,3.0
2085900,35872,4.000,CWW,STA,0.03,95.0,98.0,3.0
974769,35877,4.000,CWW,STA,0.02,187.0,191.0,4.0
2087774,35913,2.000,MAC,PVC,0.01,2.0,14.0,12.0
974825,35931,4.000,CWW,STA,0.02,106.0,110.0,4.0
1021495,36046,4.000,CWW,STA,20.0,147.0,151.0,4.0
2080170,36125,2.000,MAC,PVC,0.01,3.0,13.0,10.0
2080171,36126,2.000,MAC,PVC,0.01,3.0,8.0,5.0
1020943,36177,6.000,CWW,STA,15.0,133.0,135.0,5.0
2073002,36184,10.000,CWW,STA,0.05,116.0,136.0,20.0
2080342,36194,2.000,MAC,PVC,0.01,2.0,9.0,7.0
2066006,36235,6.000,MAC,PVC,0.05,86.0,98.0,12.0
897828,36333,,,,0.02,108.0,184.0,4.0
886730,36334,,,,0.02,91.0,94.0,3.0
873184,36336,,,,0.02,89.0,92.0,3.0
873186,36337,,,,0.02,61.0,64.0,3.0
886770,36338,,,,0.02,74.0,77.0,3.0
892075,36346,,,,0.02,76.0,79.0,3.0
910197,36435,5.000,CWW,PVC,0.02,86.0,90.0,4.0
910214,36482,,,,0.02,122.0,126.0,4.0
855573,36486,,,,0.02,64.0,68.0,4.0
910186,36488,,,,0.02,46.0,50.0,4.0
910187,36489,,,,0.02,46.0,50.0,4.0
886780,36491,,,,0.015,119.0,123.0,4.0
897826,36492,,,,0.02,118.0,121.0,3.0
863619,36493,,,,0.02,137.0,140.0,3.0
903718,36494,4.000,CWW,STA,0.02,71.0,74.0,3.0
892002,36500,,,,0.015,180.0,183.0,3.0
908224,36512,,,,0.015,198.0,203.0,5.0
910693,36513,,,,0.02,135.0,138.0,3.0
773962,36605,4.000,LOU,STA,0.025,45.0,49.0,3.0
939498,36606,,,,0.02,96.0,99.0,3.0
939501,36607,,,,0.02,106.0,110.0,4.0
939500,36608,,,,0.02,181.0,184.0,3.0
922600,36609,,,,0.045,170.0,186.0,16.0
910211,36611,,,,0.02,94.0,98.0,4.0
910273,36619,,,,0.02,58.0,62.0,4.0
878809,36620,5.000,MAC,PVC,0.018,66.0,70.0,4.0
910201,36621,,,,0.02,60.0,64.0,4.0
865060,36622,,,,0.02,100.0,104.0,4.0
855575,36623,,,,0.02,166.0,170.0,4.0
865054,36624,5.000,CWW,PVC,0.02,124.0,128.0,4.0
883213,36625,4.000,CWW,STA,0.02,119.0,122.0,3.0
886776,36626,,,,0.015,108.0,113.0,5.0
886777,36627,,,,0.015,123.0,126.0,3.0
886768,36628,,,,0.015,80.0,84.0,4.0
873191,36629,,,,0.02,119.0,122.0,3.0
908173,36630,,,,0.015,118.0,122.0,4.0
910545,36635,,,,0.02,124.0,127.0,3.0
910275,36636,5.000,CWW,PVC,0.02,139.0,143.0,4.0
875796,36637,,,,0.015,94.0,98.0,4.0
883088,36638,,,,0.025,85.0,90.0,5.0
910765,36640,,,,0.02,62.0,67.0,5.0
908208,36641,,,,0.02,91.0,94.0,3.0
926336,36642,,,,0.02,98.0,101.0,3.0
922423,36645,,,,0.02,79.0,82.0,3.0
877577,36646,,,,0.02,161.0,164.0,3.0
877528,36647,,,,0.015,98.0,101.0,3.0
910690,36648,4.000,CWW,STA,0.02,98.0,101.0,3.0
914879,36717,,,,0.02,227.0,230.0,3.0
914875,36719,,,,0.02,134.0,138.0,4.0
925557,36730,,,,0.018,80.0,84.0,4.0
939491,36733,,,,,130.0,134.0,4.0
910183,36805,,,,0.02,71.0,75.0,4.0
910180,36806,5.000,CWW,PVC,0.02,60.0,64.0,4.0
878813,36807,,,,0.018,57.0,61.0,4.0
925575,36808,,,,0.01,123.0,128.0,5.0
865124,36809,,,,0.02,57.0,61.0,4.0
865123,36810,,,,0.02,107.0,115.0,8.0
865119,36811,,,,0.02,140.0,144.0,4.0
868465,36812,,,,0.018,68.0,72.0,4.0
865090,36813,5.000,CWW,PVC,0.02,104.0,108.0,4.0
868474,36814,,,,0.016,114.0,118.0,4.0
868467,36815,,,,0.018,105.0,109.0,4.0
855572,36816,,,,0.02,96.0,100.0,4.0
868471,36817,5.000,CWW,PVC,0.018,145.0,149.0,4.0
2090841,37225,2.000,MAC,PVC,0.01,2.0,12.0,10.0
879127,37319,16.000,CWW,STA,0.035,92.0,152.0,60.0
879128,37321,16.000,CWW,STA,0.035,105.0,165.0,60.0
879129,37322,16.000,CWW,STA,0.035,143.0,203.0,60.0
980367,37675,,,,,162.0,166.0,3.0
980370,37676,,,,,211.0,215.0,4.0
980369,37677,,,,,216.0,219.0,3.0
966363,37707,,,,0.02,126.0,129.0,3.0
966365,37708,,,,0.02,100.0,105.0,5.0
953365,37737,,,,0.02,85.0,90.0,5.0
953670,37739,,,,0.025,98.0,103.0,5.0
953366,37740,5.000,MAC,PVC,0.018,65.0,70.0,5.0
980385,37778,,,,0.2,174.0,177.0,3.0
964463,37847,,,,0.015,137.0,141.0,4.0
964482,37848,,,,0.04,137.0,140.0,3.0
966376,38044,8.000,CWW,STA,0.5,82.0,102.0,20.0
966377,38045,,,,0.2,99.0,102.0,3.0
980398,38077,,,,,52.0,56.0,4.0
980397,38078,4.000,CWW,STA,0.02,75.0,78.0,3.0
980400,38079,,,,,134.0,137.0,3.0
965098,38080,4.000,CWW,STA,0.015,56.0,60.0,4.0
966415,38104,,,,0.02,127.0,130.0,3.0
966413,38223,,,,0.02,114.0,117.0,3.0
967751,38224,,,,0.02,121.0,125.0,4.0
966395,38266,4.000,CWW,STA,0.02,75.0,78.0,3.0
958156,38267,5.000,CWW,PVC,0.02,52.0,56.0,4.0
966393,38268,,,,,116.0,119.0,3.0
958155,38269,,,,0.02,60.0,64.0,4.0
980241,38348,,,,0.02,195.0,198.0,3.0
1007891,38379,,,,0.02,81.0,86.0,5.0
2024466,38441,2.000,MAC,PVC,0.01,34.0,41.0,7.0
2024467,38442,2.000,MAC,PVC,0.01,34.0,41.0,7.0
958209,38521,,,,,60.0,80.0,10.0
964694,38522,,,,,90.0,100.0,6.0
958217,38523,,,,,60.0,67.0,
958215,38524,,,,,70.0,75.0,6.0
964703,38525,,,,,50.0,55.0,5.0
958210,38526,,,,,80.0,100.0,10.0
964702,38527,,,,,45.0,55.0,
958208,38528,,,,,60.0,75.0,1.0
958202,38529,,,,0.015,30.0,45.0,4.0
964700,38530,,,,,50.0,60.0,10.0
967736,38845,,,,,170.0,174.0,4.0
974072,38872,,,,,171.0,175.0,4.0
953398,38880,,,,0.02,73.0,78.0,5.0
2088096,39359,5.000,CWW,STA,0.016,125.0,130.0,5.0
2088654,39362,5.000,MAC,PVC,0.02,70.0,65.0,5.0
2088946,39377,4.000,CWW,STA,0.4,150.0,147.0,3.0
1022007,39378,4.000,CWW,STA,20.0,157.0,160.0,3.0
1022006,39379,4.000,CWW,STA,20.0,73.0,76.0,3.0
2088993,39380,3.000,CWW,STA,0.04,149.0,146.0,3.0
2025974,39718,2.000,MAC,PVC,0.01,4.0,14.0,10.0
2025975,39719,2.000,MAC,PVC,0.01,4.0,14.0,10.0
974141,39730,,,,,96.0,99.0,3.0
974142,39731,6.000,CWW,STA,0.015,71.0,74.0,3.0
974052,39751,,,,,150.0,153.0,3.0
1010328,40054,,,,,54.0,58.0,4.0
974133,40268,,,,,87.0,91.0,4.0
974132,40269,,,,,63.0,66.0,3.0
974134,40270,,,,,60.0,63.0,3.0
1010331,40287,,,,,82.0,83.0,3.0
2020114,40337,2.000,MAC,PVC,0.01,5.0,15.0,10.0
2020115,40338,2.000,MAC,PVC,0.01,5.0,15.0,10.0
2018329,40340,6.000,MAC,PVC,0.025,114.0,119.0,5.0
1007596,40487,,,,,104.0,108.0,4.0
964619,40573,,,,0.02,56.0,60.0,4.0
964625,40574,,,,0.02,140.0,144.0,4.0
980291,40674,,,,0.015,125.0,130.0,5.0
980362,40767,6.000,CWW,STA,0.015,117.0,120.0,3.0
980303,40816,,,,0.015,85.0,90.0,5.0
992120,40946,,,,0.02,63.0,66.0,3.0
980262,41002,,,,,255.0,258.0,3.0
980267,41003,,,,,159.0,162.0,3.0
958158,41004,,,,0.03,59.0,64.0,5.0
980269,41005,,,,,102.0,105.0,3.0
958174,41025,5.000,CWW,PVC,0.02,48.0,52.0,4.0
953383,41092,,,,0.018,80.0,85.0,5.0
958172,41093,,,,0.02,51.0,55.0,4.0
980283,41149,,,,,120.0,125.0,5.0
980279,41150,,,,,189.0,192.0,3.0
980285,41151,,,,,102.0,105.0,3.0
980289,41269,,,,,225.0,233.0,8.0
980311,41289,,,,0.02,67.0,70.0,3.0
980304,41301,,,,,103.0,106.0,3.0
2001026,41323,2.000,MAC,PVC,0.01,2.5,29.7,27.0
980306,41429,,,,,71.0,74.0,3.0
748320,41430,,,,0.03,106.0,110.0,4.0
974138,41756,12.000,CWW,STA,0.025,183.0,190.0,7.0
974137,41757,,,,,125.0,130.0,5.0
953401,41758,,,,0.01,78.0,83.0,5.0
953402,42012,5.000,MAC,PVC,0.02,65.0,70.0,5.0
974097,42304,,,,,122.0,125.0,3.0
2023554,42470,2.000,MAC,PVC,0.01,4.0,20.0,16.0
2023555,42471,2.000,MAC,PVC,0.01,4.0,20.0,16.0
1022043,42503,6.000,CWW,STA,20.0,75.0,80.0,5.0
2088956,42515,4.000,CWW,STA,0.04,154.0,151.0,3.0
2088992,42521,4.000,CWW,STA,0.04,157.0,154.0,3.0
2024465,42539,2.000,MAC,PVC,0.01,34.0,41.0,7.0
2090413,43085,2.000,MAC,PVC,0.01,4.0,14.0,10.0
1022015,43103,4.000,CWW,STA,20.0,65.0,68.0,3.0
2090415,43117,2.000,MAC,PVC,0.01,4.0,14.0,10.0
2090417,43118,2.000,MAC,PVC,0.01,4.0,14.0,10.0
973987,43298,,,,,145.0,150.0,5.0
2037010,43400,10.000,CWW,STA,0.4,63.0,113.0,50.0
974028,43443,,,,,133.0,136.0,3.0
2037050,43497,10.000,CWW,STA,0.4,94.0,114.0,20.0
974171,43889,,,,,126.0,133.0,5.0
1022000,44018,4.000,CWW,STA,20.0,70.0,74.0,4.0
2091125,44019,5.000,MAC,PVC,0.02,90.0,85.0,5.0
1022045,44170,4.000,CWW,STA,20.0,160.0,163.0,3.0
1022044,44171,4.000,CWW,STA,20.0,117.0,121.0,4.0
2027728,44248,1.000,PRE,PVC,0.01,10.0,15.0,10.0
2030835,44511,2.000,MAC,PVC,0.01,5.0,15.0,10.0
2030836,44512,2.000,MAC,PVC,0.01,5.0,15.0,10.0
2030837,44513,2.000,MAC,PVC,0.01,5.0,15.0,10.0
2030838,44514,2.000,MAC,PVC,0.01,5.0,15.0,10.0
2030839,44515,2.000,MAC,PVC,0.01,5.0,15.0,10.0
2030840,44516,2.000,MAC,PVC,0.01,5.0,15.0,10.0
974187,44564,,,,,163.0,168.0,5.0
2027729,44642,1.000,PRE,PVC,0.01,4.0,14.0,10.0
974200,44793,,,,,117.0,120.0,3.0
974205,44833,,,,,130.0,133.0,3.0
33609,44901,,,,0.04,74.0,76.0,
953409,45105,,,,0.015,100.0,105.0,5.0
2033727,45151,2.000,MAC,PVC,0.01,11.0,17.0,6.0
974224,45357,,,,,144.0,159.0,
974276,45519,,,,,148.0,151.0,3.0
974275,45521,,,,,258.0,263.0,5.0
974273,45522,,,,,113.0,117.0,4.0
974277,45523,,,,,89.0,93.0,4.0
974274,45524,,,,,77.0,80.0,3.0
974227,45684,6.000,CWW,STA,0.015,169.0,174.0,5.0
974232,45838,,,,0.2,105.0,108.0,3.0
974235,45839,,,,0.2,121.0,124.0,3.0
2034139,45990,5.000,MAC,PVC,0.02,78.0,83.0,5.0
2033698,46157,6.000,MAC,PVC,0.05,120.0,124.0,4.0
2032524,46162,2.000,MAC,PVC,0.01,1.6,11.8,10.0
967737,46240,,,,,75.0,79.0,4.0
2023385,46439,6.000,MAC,PVC,0.025,105.0,110.0,5.0
974085,46644,,,,,135.0,138.0,3.0
974084,46645,,,,,115.0,120.0,5.0
2030841,46994,2.000,MAC,PVC,0.01,15.0,25.0,10.0
964655,47000,,,,,135.0,140.0,5.0
964651,47001,,,,0.2,55.0,60.0,5.0
964652,47002,,,,0.2,65.0,70.0,5.0
964650,47003,,,,0.2,86.0,92.0,5.0
964653,47004,,,,0.02,50.0,60.0,5.0
964654,47005,,,,0.2,75.0,80.0,5.0
964649,47006,5.000,CWW,PVC,0.02,55.0,60.0,5.0
964640,47007,5.000,CWW,PVC,0.02,40.0,45.0,5.0
964646,47008,,,,0.02,60.0,65.0,5.0
964638,47009,,,,0.2,60.0,65.0,
974213,47037,,,,,144.0,148.0,4.0
2033399,47075,6.000,MAC,PVC,0.025,74.0,79.0,5.0
974259,47111,,,,0.015,141.0,146.0,5.0
974214,47148,,,,,92.0,96.0,4.0
974212,47149,6.000,CWW,STA,0.02,95.0,105.0,10.0
974246,47165,,,,0.2,153.0,156.0,3.0
974233,47218,,,,,114.0,117.0,3.0
974249,47337,,,,,151.0,154.0,3.0
974281,47555,,,,,131.0,134.0,3.0
974268,47582,,,,0.15,126.0,134.0,5.0
974265,47583,,,,0.2,103.0,106.0,3.0
974282,47696,,,,,117.0,120.0,3.0
974308,48282,,,,,94.0,99.0,5.0
974165,48573,4.000,CWW,STA,0.015,126.0,130.0,4.0
974183,48687,4.000,CWW,STA,0.02,83.0,87.0,4.0
953406,48688,,,,0.02,162.0,167.0,5.0
974153,48925,,,,,125.0,128.0,3.0
974264,48970,,,,0.015,156.0,159.0,4.0
2023556,49212,2.000,MAC,PVC,0.01,3.0,22.0,19.0
974092,49260,,,,,110.0,115.0,5.0
974094,49261,,,,,102.0,105.0,3.0
974086,49637,,,,,137.0,141.0,4.0
2014289,49694,2.000,MAC,PVC,0.01,5.0,14.5,10.0
2014291,49695,2.000,MAC,PVC,0.01,5.0,15.0,10.0
2014292,49696,2.000,MAC,PVC,0.01,4.0,10.0,6.0
974089,49754,4.000,CWW,STA,0.02,135.0,138.0,3.0
974096,49844,,,,,130.0,133.0,3.0
953399,49845,,,,0.02,60.0,65.0,5.0
2033737,49997,2.000,MAC,PVC,0.01,5.0,15.0,10.0
2033739,49998,2.000,MAC,PVC,0.01,7.0,17.0,10.0
2033741,50062,2.000,MAC,PVC,0.01,4.0,14.0,10.0
974269,50277,,,,0.15,73.0,78.0,5.0
974262,50278,,,,0.015,139.0,144.0,5.0
974261,50279,,,,0.015,128.0,133.0,5.0
974270,50557,,,,,76.0,79.0,3.0
974258,50566,,,,,91.0,96.0,5.0
974271,50567,,,,,68.0,71.0,3.0
974380,50638,4.000,CWW,STA,0.02,77.0,80.0,3.0
974418,50733,,,,,87.0,92.0,5.0
974415,50797,,,,,83.0,86.0,3.0
974353,50847,,,,0.02,91.0,94.0,3.0
974352,50848,,,,0.02,104.0,107.0,3.0
974339,50849,,,,0.02,91.0,94.0,3.0
974061,51070,,,,,58.0,61.0,3.0
974207,51139,,,,,69.0,72.0,3.0
2030286,51408,12.000,CWW,STA,40.0,75.0,105.0,30.0
974190,51643,6.000,CWW,STA,0.02,113.0,123.0,10.0
2014809,51674,2.000,MAC,PVC,0.01,5.5,30.0,24.0
2014810,51675,2.000,MAC,PVC,0.01,5.5,30.0,24.0
974009,51779,,,,,102.0,179.0,3.0
974003,51780,,,,,164.0,169.0,5.0
974004,51781,,,,,73.0,78.0,5.0
953395,51787,,,,0.02,155.0,160.0,5.0
974178,51917,4.000,CWW,STA,20.0,99.0,103.0,4.0
974176,51918,,,,,73.0,77.0,4.0
974219,51992,,,,,70.0,73.0,3.0
974220,51993,6.000,CWW,STA,0.02,78.0,88.0,10.0
974412,52081,,,,,65.0,68.0,3.0
974425,52126,,,,,78.0,81.0,3.0
974416,52127,,,,,163.0,166.0,3.0
974423,52128,,,,,99.0,102.0,3.0
1007893,52148,,,,0.02,80.0,85.0,5.0
1007892,52149,,,,0.02,45.0,50.0,5.0
974424,52166,,,,,72.0,76.0,4.0
2042639,52214,5.000,MAC,PVC,0.02,78.0,83.0,5.0
2042586,52353,6.000,MAC,PVC,0.025,98.0,103.0,5.0
974286,52407,,,,,140.0,170.0,30.0
974345,52408,,,,,206.0,236.0,30.0
974357,52409,,,,,72.0,75.0,3.0
974388,52440,6.000,CWW,STA,0.02,72.0,77.0,5.0
974391,52441,,,,,79.0,82.0,3.0
1017175,52450,,,,0.02,84.0,89.0,5.0
2044936,52468,2.000,MAC,PVC,0.01,34.0,39.0,5.0
2044940,52470,2.000,MAC,PVC,0.01,35.0,40.0,5.0
2044955,52471,2.000,MAC,PVC,0.01,48.0,53.0,5.0
2042478,52550,10.000,CWW,STA,0.04,51.0,81.0,30.0
953420,52578,,,,0.02,100.0,105.0,5.0
953418,52579,,,,0.02,71.0,76.0,5.0
974382,52582,,,,,118.0,121.0,3.0
2044956,52618,2.000,MAC,PVC,0.01,50.0,55.0,5.0
2033307,52641,2.000,MAC,PVC,0.01,6.0,13.0,7.0
2033309,52642,2.000,MAC,PVC,0.01,7.0,13.0,6.0
2033311,52643,2.000,MAC,PVC,0.01,5.0,11.0,6.0
2033312,52644,2.000,MAC,PVC,0.01,8.0,13.0,5.0
2033313,52645,2.000,MAC,PVC,0.01,8.0,13.0,5.0
2033314,52646,2.000,MAC,PVC,0.01,5.0,12.0,7.0
2033315,52647,2.000,MAC,PVC,0.01,8.0,13.0,5.0
2033316,52648,2.000,MAC,PVC,0.01,4.0,12.0,7.0
974188,52872,8.000,CWW,STA,0.04,166.0,186.0,20.0
974291,52934,,,,0.015,137.0,140.0,3.0
974298,53285,,,,,127.0,130.0,3.0
1014406,53417,,,,0.01,76.0,79.0,4.0
974300,53427,,,,,60.0,63.0,3.0
974321,53492,,,,0.02,92.0,97.0,5.0
974327,53515,,,,,120.0,123.0,3.0
2040764,53620,6.000,MAC,PVC,0.025,99.0,104.0,5.0
974389,53658,,,,,65.0,70.0,5.0
974386,53687,,,,,138.0,143.0,5.0
974387,53688,,,,,123.0,153.0,30.0
974370,53698,,,,,164.0,184.0,
939485,53710,,,,0.02,98.0,101.0,3.0
974413,53740,,,,0.02,63.0,66.0,3.0
974397,53815,,,,0.035,136.0,166.0,
974381,53894,,,,0.04,99.0,129.0,30.0
2044945,54111,2.000,MAC,PVC,0.01,49.0,54.0,5.0
974402,54214,,,,,65.0,68.0,3.0
974429,54243,,,,,96.0,100.0,4.0
2029684,54919,6.000,MAC,PVC,0.025,98.0,103.0,5.0
974225,54940,,,,,193.0,197.0,4.0
974371,54952,4.000,CWW,STA,0.02,84.0,87.0,3.0
974179,54994,,,,,119.0,123.0,4.0
974177,54995,,,,,96.0,101.0,5.0
974251,55106,,,,,133.0,136.0,3.0
974252,55108,,,,,205.0,208.0,3.0
1014390,55110,4.000,CWW,STA,0.02,100.0,103.0,4.0
2033728,55128,2.000,MAC,PVC,0.01,11.0,17.0,5.0
2033730,55129,2.000,MAC,PVC,0.01,5.0,15.0,10.0
2033731,55130,2.000,MAC,PVC,0.01,5.0,15.0,10.0
2033732,55131,2.000,MAC,PVC,0.01,5.0,16.0,10.0
2033735,55132,2.000,MAC,PVC,0.01,8.0,15.0,7.0
2033742,55134,2.000,MAC,PVC,0.01,5.0,15.0,10.0
2044056,55182,12.000,CWW,STA,0.5,120.0,150.0,30.0
2045562,55240,6.000,MAC,PVC,0.025,91.0,96.0,5.0
974407,55248,,,,,182.0,212.0,30.0
974431,55249,,,,,67.0,97.0,30.0
974430,55250,,,,,133.0,138.0,5.0
974428,55251,,,,,93.0,96.0,3.0
974426,55315,,,,,65.0,85.0,20.0
974427,55319,,,,,109.0,112.0,3.0
974454,55355,,,,,90.0,94.0,4.0
948095,55472,,,,0.02,95.0,100.0,5.0
948077,55473,,,,0.05,140.0,160.0,20.0
974369,55493,,,,,155.0,185.0,13.0
974366,55494,,,,,88.0,91.0,3.0
974367,55496,,,,,79.0,84.0,5.0
2042227,55657,5.000,CWW,STA,0.015,80.0,85.0,5.0
974460,55703,,,,,65.0,68.0,3.0
974467,55746,4.000,,STA,0.02,119.0,122.0,3.0
974257,55841,,,,0.02,81.0,84.0,3.0
974256,55842,,,,0.015,105.0,110.0,5.0
974348,55930,,,,,106.0,109.0,3.0
1007894,55948,,,,0.02,45.0,50.0,5.0
974294,55980,,,,0.02,150.0,153.0,3.0
974297,56036,,,,0.02,52.0,55.0,3.0
974240,56178,,,,,102.0,106.0,4.0
974239,56179,,,,,187.0,190.0,3.0
974342,56236,,,,0.015,75.0,80.0,5.0
974334,56237,6.000,CWW,STA,0.015,118.0,121.0,3.0
2034725,56339,6.000,MAC,PVC,0.025,180.0,185.0,5.0
974295,56406,4.000,CWW,STA,0.02,199.0,203.0,4.0
2038421,56407,2.000,MAC,PVC,0.01,6.0,16.0,10.0
2038422,56408,2.000,MAC,PVC,0.01,6.0,16.0,10.0
974245,56683,,,,0.2,100.0,103.0,3.0
974247,56685,,,,0.2,142.0,145.0,3.0
9920039,56713,,,,0.02,93.0,98.0,5.0
974301,56856,,,,0.02,54.0,57.0,3.0
2042477,56880,10.000,CWW,STA,0.04,127.0,147.0,20.0
974365,56951,,,,,181.0,184.0,3.0
974374,57108,6.000,CWW,STA,0.015,218.0,223.0,5.0
2045586,57140,5.000,MAC,PVC,0.02,60.0,65.0,5.0
974529,57232,6.000,CWW,STA,0.02,112.0,115.0,3.0
974456,57427,,,,,81.0,85.0,4.0
974458,57454,,,,,101.0,104.0,3.0
974446,57490,,,,,181.0,194.0,3.0
974447,57491,,,,,153.0,160.0,3.0
974432,57492,,,,,110.0,118.0,8.0
2039696,57546,4.000,CWW,STA,0.18,137.0,145.0,8.0
974338,57613,4.000,CWW,STA,0.015,135.0,139.0,4.0
974336,57614,,,,,79.0,82.0,3.0
974340,57616,,,,,153.0,156.0,3.0
731231,57703,,,,0.03,50.0,54.0,4.0
1010338,57739,,,,,55.0,59.0,4.0
974302,57754,,,,,107.0,127.0,20.0
974305,57755,,,,,93.0,96.0,3.0
2032523,57793,2.000,MAC,PVC,0.01,1.6,11.8,10.0
2035098,57803,2.000,MAC,PVC,0.01,3.0,20.0,17.0
974208,58041,6.000,CWW,STA,0.015,105.0,110.0,5.0
2040970,58127,4.000,CWW,STA,0.18,137.0,145.0,8.0
974520,58662,4.000,,STA,0.02,146.0,149.0,3.0
974543,58665,4.000,CWW,STA,0.02,193.0,196.0,3.0
974533,58721,4.000,,STA,0.015,96.0,100.0,4.0
2053564,58749,11.000,CWW,STA,0.05,114.0,134.0,20.0
974527,58780,4.000,,STA,0.02,117.0,120.0,3.0
974521,58781,6.000,,STA,0.015,145.0,150.0,5.0
974532,58784,6.000,,STA,0.015,131.0,134.0,3.0
974561,58897,4.000,CWW,STA,0.02,187.0,1190.0,3.0
974498,58932,,,,,68.0,71.0,3.0
974313,58942,,,,,175.0,178.0,3.0
759335,59069,,,,0.02,158.0,168.0,10.0
974312,59070,,,,0.2,75.0,78.0,3.0
1007899,59149,5.000,CWW,PVC,0.02,58.0,63.0,5.0
974287,59191,,,,0.015,139.0,144.0,5.0
2038423,59298,2.000,MAC,PVC,0.01,5.0,15.0,10.0
2038426,59299,2.000,MAC,PVC,0.01,5.0,15.0,10.0
2035025,59356,6.000,MAC,PVC,0.025,99.0,104.0,5.0
2035099,59387,2.000,MAC,PVC,0.01,5.0,25.0,20.0
974304,59486,,,,,100.0,112.0,5.0
974307,59487,,,,,223.0,227.0,4.0
2056269,59625,2.000,MAC,PVC,0.01,3.0,18.0,15.0
2053286,59633,5.000,MAC,PVC,0.02,120.0,125.0,5.0
2053210,59660,6.000,MAC,PVC,0.025,40.0,45.0,5.0
974477,59709,4.000,,STA,0.015,179.0,183.0,4.0
974589,59753,6.000,CWW,STA,0.015,100.0,105.0,5.0
974586,59754,4.000,CWW,STA,0.015,135.0,139.0,4.0
2055050,59761,6.000,MAC,PVC,0.025,98.0,103.0,5.0
974495,59780,4.000,,,20.0,77.0,80.0,
2053353,59824,5.000,CWW,STA,0.02,85.0,90.0,5.0
974577,59874,4.000,,STA,20.0,192.0,195.0,3.0
974600,59912,6.000,CWW,STA,0.015,127.0,130.0,3.0
974599,59913,4.000,CWW,STA,0.02,163.0,167.0,4.0
2050153,59947,5.000,MAC,PVC,0.02,90.0,95.0,5.0
2051687,60193,6.000,MAC,PVC,0.025,112.0,117.0,5.0
974501,60275,4.000,,,,87.0,90.0,3.0
974545,60431,4.000,,STA,0.02,84.0,87.0,3.0
974625,60448,4.000,,STA,0.02,115.0,118.0,3.0
974627,60450,4.000,,STA,0.02,74.0,77.0,3.0
974621,60452,4.000,,STA,0.02,134.0,137.0,3.0
974583,60521,4.000,CWW,STA,0.02,79.0,82.0,3.0
974576,60547,6.000,CWW,STA,0.02,60.0,65.0,5.0
974519,60716,6.000,CWW,STA,0.015,86.0,94.0,8.0
974614,61090,6.000,,STA,0.02,50.0,55.0,5.0
974598,61094,6.000,,STA,0.015,83.0,86.0,3.0
2053354,61236,5.000,CWW,STA,0.03,90.0,93.0,3.0
974591,61272,4.000,CWW,STA,0.02,90.0,93.0,3.0
974581,61273,6.000,CWW,STA,0.015,204.0,219.0,15.0
974486,61293,12.000,,STA,,90.0,120.0,30.0
974613,61316,4.000,,STA,0.02,107.0,111.0,4.0
974620,61317,4.000,,STA,0.02,84.0,87.0,3.0
974615,61318,4.000,,STA,0.02,149.0,152.0,3.0
974640,61498,4.000,,STA,0.02,83.0,86.0,3.0
2051360,61545,5.000,MAC,PVC,0.02,100.0,105.0,5.0
974585,61685,4.000,CWW,STA,20.0,147.0,150.0,3.0
2056178,61700,12.000,CWW,STA,0.05,140.0,160.0,40.0
974468,61730,4.000,CWW,STA,20.0,119.0,122.0,3.0
974525,61744,4.000,,STA,0.02,67.0,70.0,3.0
974517,61761,4.000,,STA,0.02,101.0,104.0,3.0
974524,61762,6.000,,STA,0.02,82.0,87.0,5.0
2056320,61772,5.000,MAC,PVC,0.02,75.0,80.0,5.0
974560,61795,4.000,,STA,0.02,138.0,141.0,3.0
974559,61796,4.000,,STA,0.02,178.0,181.0,3.0
974612,61836,6.000,,STA,0.015,135.0,138.0,3.0
974728,61883,6.000,,STA,0.015,121.0,126.0,5.0
2055784,61909,5.000,MAC,PVC,0.02,125.0,130.0,5.0
974626,61959,4.000,,STA,0.02,68.0,71.0,3.0
974530,62018,6.000,CWW,STA,0.015,98.0,103.0,5.0
974594,62127,6.000,CWW,STA,0.015,62.0,67.0,5.0
974597,62129,4.000,CWW,STA,0.015,83.0,89.0,4.0
974575,62145,4.000,,STA,0.02,186.0,189.0,3.0
974580,62151,4.000,CWW,STA,0.02,140.0,144.0,4.0
974473,62178,6.000,CWW,STA,15.0,124.0,132.0,8.0
948081,62264,5.000,MAC,PVC,0.02,65.0,70.0,5.0
974582,62353,4.000,CWW,STA,0.02,63.0,66.0,3.0
2051125,62373,5.000,MAC,PVC,0.02,100.0,105.0,5.0
974608,62389,3.000,CWW,STA,0.02,93.0,98.0,5.0
2054824,62407,5.000,MAC,PVC,0.02,83.0,88.0,5.0
1017171,62687,5.000,CWW,PVC,0.02,47.0,52.0,5.0
974509,62703,8.000,CWW,STA,0.025,136.0,144.0,8.0
974549,62704,4.000,CWW,STA,0.02,138.0,141.0,3.0
974680,62782,4.000,,STA,0.02,76.0,79.0,3.0
2049023,62816,10.000,CWW,STA,0.05,110.0,150.0,40.0
2063945,62835,5.000,MAC,PVC,0.02,87.0,92.0,5.0
1007898,62866,5.000,,PVC,0.02,86.0,91.0,5.0
1007896,62867,5.000,,PVC,0.02,65.0,70.0,5.0
2064081,62901,2.000,MAC,PVC,0.01,6.0,16.0,10.0
974491,62910,4.000,CWW,,,,,3.0
974492,62911,6.000,,,,172.0,175.0,3.0
974490,62912,6.000,,,,69.0,74.0,5.0
974489,62915,4.000,,,,105.0,108.0,3.0
2048358,62965,6.000,MAC,PVC,0.05,78.0,88.0,10.0
974643,63210,6.000,,STA,0.02,79.0,84.0,5.0
1021559,63257,10.000,CWW,STA,30.0,148.0,168.0,20.0
1021561,63259,4.000,CWW,STA,20.0,142.0,145.0,3.0
1021563,63260,4.000,CWW,STA,20.0,184.0,187.0,3.0
1021564,63261,4.000,CWW,STA,20.0,66.0,96.0,3.0
1021565,63262,4.000,CWW,STA,20.0,106.0,110.0,4.0
1021567,63263,4.000,CWW,STA,20.0,105.0,108.0,3.0
1021568,63264,4.000,CWW,STA,20.0,72.0,75.0,3.0
1021570,63266,6.000,CWW,STA,15.0,105.0,110.0,5.0
1021571,63267,6.000,CWW,STA,20.0,160.0,165.0,5.0
1021572,63268,6.000,CWW,STA,20.0,222.0,227.0,5.0
2048880,63414,6.000,MAC,PVC,0.025,104.0,109.0,5.0
2058366,63540,6.000,MAC,PVC,0.025,59.0,64.0,5.0
974469,63597,6.000,CWW,STA,20.0,61.0,66.0,5.0
2057413,63615,6.000,MAC,PVC,0.025,186.0,191.0,5.0
974480,63620,4.000,,STA,0.015,168.0,172.0,4.0
974474,63621,4.000,CWW,STA,0.02,92.0,95.0,3.0
974531,63671,6.000,,STA,0.015,117.0,120.0,3.0
2054826,63678,5.000,MAC,STA,0.02,165.0,170.0,5.0
974541,63680,4.000,,STA,0.02,62.0,65.0,3.0
974538,63681,4.000,,STA,0.015,57.0,61.0,4.0
974540,63685,4.000,,STA,0.02,63.0,66.0,3.0
974539,63686,4.000,,STA,0.015,157.0,161.0,4.0
974570,63748,6.000,CWW,STA,15.0,118.0,123.0,5.0
2055645,63806,6.000,MAC,PVC,0.025,107.0,112.0,5.0
974513,63882,4.000,,STA,20.0,71.0,74.0,3.0
974564,63906,0.400,CWW,STA,15.0,88.0,92.0,4.0
974676,63981,4.000,,STA,0.02,135.0,138.0,3.0
974727,64087,4.000,,STA,0.02,106.0,109.0,3.0
974510,64093,6.000,CWW,FIB,0.015,51.0,56.0,5.0
974716,64177,4.000,CWW,STA,20.0,106.0,109.0,3.0
1007897,64190,5.000,,PVC,0.02,164.0,169.0,5.0
974005,64239,6.000,CWW,STA,30.0,170.0,180.0,10.0
2082244,64255,5.000,MAC,PVC,0.02,75.0,80.0,5.0
1021526,64278,4.000,CWW,STA,20.0,88.0,91.0,3.0
2079293,64331,5.000,MAC,PVC,0.02,135.0,140.0,5.0
2072062,64334,5.000,MAC,PVC,0.02,80.0,85.0,5.0
2083411,64452,2.000,MAC,PVC,0.01,3.0,14.0,11.0
2083467,64457,2.000,MAC,PVC,0.01,4.0,16.0,12.0
1020972,64471,6.000,CWW,STA,15.0,104.0,109.0,5.0
1020969,64472,6.000,CWW,STA,15.0,70.0,75.0,5.0
974464,64556,4.000,,STA,0.015,137.0,141.0,4.0
974542,64596,6.000,CWW,STA,0.02,97.0,100.0,3.0
2049024,64686,5.000,MAC,PVC,0.02,140.0,145.0,5.0
974605,64727,6.000,,STA,0.015,97.0,102.0,5.0
2052692,64921,6.000,MAC,PVC,0.025,116.0,121.0,5.0
2052693,64922,6.000,MAC,PVC,0.025,134.0,139.0,5.0
974611,65021,6.000,,STA,0.02,72.0,77.0,5.0
1021577,65066,4.000,CWW,STA,15.0,128.0,132.0,4.0
2062287,65088,6.000,MAC,PVC,0.05,125.0,130.0,5.0
1020982,65193,6.000,CWW,STA,20.0,75.0,80.0,5.0
1020992,65213,4.000,CWW,STA,20.0,196.0,199.0,3.0
1020994,65214,4.000,CWW,STA,20.0,60.0,63.0,3.0
1020942,65220,6.000,CWW,STA,20.0,73.0,78.0,5.0
974820,65225,4.000,CWW,STA,0.02,59.0,63.0,4.0
2085090,65333,5.000,MAC,PVC,0.02,80.0,85.0,5.0
1020993,65363,4.000,CWW,STA,15.0,205.0,209.0,4.0
2081723,65386,6.000,MAC,PVC,0.025,71.0,76.0,5.0
1021001,65393,4.000,MAC,STA,20.0,175.0,178.0,3.0
1021003,65395,6.000,CWW,STA,20.0,172.0,177.0,5.0
2070083,65422,2.000,MAC,PVC,0.01,5.0,15.0,10.0
1020949,65467,4.000,CWW,STA,15.0,112.0,116.0,4.0
1020997,65509,4.000,CWW,STA,20.0,76.0,79.0,3.0
1020998,65510,4.000,CWW,STA,15.0,179.0,183.0,4.0
1021530,65604,6.000,CWW,STA,20.0,104.0,109.0,5.0
1020977,65619,4.000,CWW,STA,20.0,97.0,100.0,3.0
1020978,65620,4.000,CWW,STA,20.0,167.0,170.0,3.0
974667,65736,4.000,CWW,STA,0.02,166.0,169.0,3.0
974694,65853,4.000,CWW,STA,0.02,96.0,99.0,3.0
2062289,66031,6.000,MAC,PVC,0.05,107.0,120.0,13.0
2061106,66062,5.000,MAC,PVC,10.0,100.0,105.0,105.0
974726,66096,6.000,,STA,0.02,65.0,70.0,5.0
974737,66115,6.000,CWW,STA,0.015,118.0,123.0,5.0
2064079,66137,2.000,MAC,PVC,0.01,10.0,16.0,6.0
2064082,66138,2.000,MAC,PVC,0.01,5.0,15.0,10.0
2071147,66383,5.000,MAC,PVC,0.02,105.0,110.0,5.0
1020987,66401,4.000,CWW,STA,20.0,127.0,130.0,3.0
1020988,66402,4.000,CWW,STA,20.0,91.0,94.0,3.0
1020989,66403,4.000,CWW,STA,20.0,61.0,65.0,4.0
1020985,66404,5.000,CWW,STA,20.0,205.0,215.0,10.0
974809,66457,4.000,CWW,STA,0.02,165.0,168.0,3.0
974810,66460,6.000,CWW,STA,0.02,73.0,81.0,8.0
974806,66461,4.000,CWW,STA,0.02,115.0,119.0,4.0
1021998,66474,4.000,CWW,STA,20.0,105.0,108.0,3.0
1021999,66475,4.000,CWW,STA,20.0,136.0,140.0,4.0
1021997,66476,4.000,CWW,STA,20.0,104.0,107.0,3.0
2084120,66488,6.000,MAC,PVC,0.025,80.0,85.0,5.0
2076290,66529,6.000,MAC,PVC,0.05,96.0,103.0,7.0
2085952,66540,4.000,CWW,STA,0.04,122.0,125.0,3.0
1021496,66678,4.000,CWW,STA,20.0,69.0,72.0,3.0
974678,66949,4.000,,STA,0.02,127.0,130.0,3.0
974692,66950,4.000,,STA,0.02,163.0,166.0,3.0
974686,66952,6.000,,STA,0.015,85.0,93.0,8.0
974688,66953,4.000,,STA,0.02,114.0,117.0,3.0
974683,66958,6.000,,STA,0.015,85.0,90.0,5.0
974684,66959,6.000,,STA,0.015,109.0,114.0,5.0
974674,66993,6.000,,STA,0.02,271.0,274.0,3.0
974675,66994,4.000,,STA,0.02,119.0,122.0,3.0
2063032,67074,5.000,CWW,STA,0.015,76.0,81.0,5.0
974670,67259,4.000,,STA,0.02,118.0,121.0,3.0
974671,67272,6.000,,STA,0.015,103.0,108.0,5.0
974669,67273,4.000,,STA,0.015,106.0,110.0,4.0
974664,67274,6.000,,STA,0.02,147.0,152.0,5.0
2075623,67399,6.000,MAC,PVC,0.05,98.0,108.0,10.0
1020995,67430,6.000,CWW,STA,15.0,96.0,101.0,5.0
1020991,67431,4.000,CWW,STA,20.0,187.0,190.0,3.0
2081570,67446,2.000,MAC,PVC,0.01,1.0,12.0,11.0
2083950,67513,10.000,CWW,STA,0.05,220.0,240.0,20.0
2069237,67554,2.000,MAC,PVC,0.01,1.0,13.0,12.0
1021972,67568,4.000,CWW,STA,20.0,117.0,120.0,3.0
2076274,67637,5.000,CWW,STA,0.015,103.0,108.0,5.0
2067329,67754,6.000,MAC,PVC,0.025,122.0,127.0,5.0
974644,67801,4.000,,STA,0.02,112.0,115.0,3.0
974663,67868,4.000,,STA,0.02,209.0,213.0,4.0
974666,67869,4.000,,STA,0.02,105.0,108.0,3.0
974738,67885,4.000,CWW,STA,0.02,184.0,187.0,3.0
974759,67888,4.000,CWW,STA,0.02,74.0,77.0,3.0
974758,67982,6.000,CWW,STA,0.015,86.0,91.0,5.0
2060512,68010,6.000,MAC,PVC,0.025,121.0,126.0,5.0
974724,68095,4.000,,STA,0.015,143.0,147.0,4.0
974723,68096,6.000,,STA,0.015,88.0,93.0,5.0
974752,68135,6.000,CWW,STA,0.02,99.0,109.0,10.0
974750,68149,4.000,CWW,STA,0.05,78.0,82.0,4.0
974740,68150,6.000,CWW,STA,0.015,88.0,93.0,5.0
974659,68182,4.000,,STA,0.02,126.0,129.0,3.0
974660,68188,6.000,,STA,,188.0,198.0,10.0
974665,68189,4.000,,STA,0.02,105.0,108.0,3.0
1021982,68325,4.000,CWW,STA,15.0,180.0,184.0,4.0
1021981,68351,4.000,CWW,STA,20.0,187.0,190.0,3.0
2084939,68369,5.000,CWW,STA,0.02,95.0,100.0,5.0
2087772,68408,2.000,MAC,PVC,0.01,6.0,16.0,10.0
2074405,68444,6.000,MAC,PVC,0.5,115.0,125.0,10.0
1021015,68467,4.000,CWW,STA,20.0,151.0,154.0,3.0
1021017,68469,6.000,CWW,STA,15.0,165.0,170.0,5.0
1021486,68605,6.000,CWW,STA,20.0,103.0,108.0,5.0
1021984,68617,20.000,CWW,STA,20.0,79.0,83.0,4.0
1021987,68618,4.000,CWW,STA,20.0,112.0,116.0,4.0
1021991,68619,4.000,CWW,STA,20.0,147.0,150.0,3.0
1021989,68620,4.000,CWW,STA,15.0,71.0,75.0,4.0
1021986,68621,4.000,CWW,STA,20.0,117.0,120.0,4.0
2070082,68689,2.000,MAC,PVC,0.01,5.0,20.0,15.0
2070085,68690,2.000,MAC,PVC,0.01,3.7,13.7,10.0
974799,68805,4.000,CWW,STA,0.02,67.0,70.0,3.0
2076010,68814,6.000,MAC,PVC,0.025,104.0,109.0,5.0
974729,69033,4.000,,STA,0.02,77.0,80.0,3.0
974768,69082,4.000,CWW,STA,0.02,89.0,92.0,3.0
974766,69084,4.000,CWW,STA,0.02,67.0,70.0,3.0
974742,69088,4.000,CWW,STA,20.0,173.0,176.0,3.0
2064570,69094,6.000,MAC,PVC,0.025,79.0,84.0,5.0
2063620,69152,5.000,MAC,PVC,0.02,65.0,70.0,5.0
974741,69167,4.000,CWW,STA,20.0,97.0,100.0,3.0
974649,69218,4.000,,STA,0.02,149.0,153.0,4.0
974646,69219,6.000,,STA,0.015,132.0,137.0,5.0
974647,69220,4.000,,STA,0.02,99.0,102.0,3.0
974648,69221,6.000,,STA,0.02,152.0,157.0,5.0
974731,69258,6.000,CWW,STA,0.015,65.0,70.0,5.0
974712,69264,4.000,,STA,0.02,151.0,154.0,3.0
974695,69349,4.000,,STA,0.02,143.0,147.0,4.0
974685,69350,6.000,,STA,0.015,141.0,144.0,3.0
2086219,69453,2.000,MAC,PVC,0.01,2.0,12.0,10.0
1021993,69506,6.000,CWW,STA,15.0,163.0,168.0,5.0
2087525,69507,5.000,CWW,STA,0.02,143.0,148.0,5.0
2087527,69508,5.000,MAC,PVC,0.02,92.0,97.0,5.0
2069236,69513,2.000,MAC,PVC,0.01,1.0,13.0,12.0
2085953,69628,4.000,CWW,STA,0.05,109.0,112.0,3.0
2087685,69638,5.000,MAC,PVC,0.02,102.0,107.0,5.0
1021016,69740,4.000,CWW,STA,20.0,159.0,162.0,3.0
974657,69830,4.000,,STA,0.02,62.0,65.0,3.0
974749,69832,6.000,,STA,0.015,154.0,159.0,5.0
2064077,69868,2.000,MAC,PVC,0.01,3.0,16.0,13.0
974710,69921,6.000,CWW,STA,0.015,134.0,139.0,5.0
974709,69922,6.000,,STA,0.015,134.0,139.0,5.0
974650,69923,4.000,,STA,0.02,167.0,170.0,3.0
974719,69947,6.000,,STA,0.015,105.0,108.0,3.0
974682,70018,4.000,,STA,0.02,76.0,79.0,3.0
1021539,70191,6.000,CWW,PVC,15.0,218.0,226.0,8.0
974790,70356,6.000,CWW,STA,0.015,86.0,91.0,5.0
2064829,70447,6.000,MAC,PVC,0.025,125.0,130.0,5.0
973989,70476,,,,,119.0,134.0,15.0
974802,70537,4.000,CWW,STA,0.02,180.0,183.0,3.0
1020947,70615,4.000,CWW,STA,20.0,61.0,64.0,3.0
2065965,70781,5.000,CWW,PVC,0.02,35.0,40.0,5.0
2088965,70801,4.000,CWW,STA,0.04,144.0,140.0,3.0
1022029,70806,4.000,CWW,STA,20.0,230.0,233.0,3.0
1022025,70807,5.000,CWW,STA,15.0,71.0,76.0,6.0
1022022,70808,4.000,CWW,STA,15.0,124.0,128.0,4.0
1022016,70819,4.000,CWW,STA,20.0,157.0,161.0,4.0
2090839,70820,2.000,MAC,PVC,0.01,3.0,13.0,10.0
1022017,70823,4.000,CWW,STA,20.0,176.0,179.0,3.0
1022026,70838,4.000,CWW,STA,20.0,,,4.0
1022024,70839,4.000,CWW,STA,20.0,74.0,77.0,3.0
2089840,70844,2.000,MAC,PVC,0.01,2.0,20.0,18.0
897870,70888,,,,0.015,73.0,78.0,5.0
865131,70889,,,,0.02,69.0,73.0,4.0
873181,70891,,,,0.02,85.0,88.0,3.0
910550,70926,,,,0.01,46.0,50.0,4.0
865106,70928,,,,0.02,87.0,91.0,4.0
868453,70929,,,,0.02,70.0,74.0,4.0
873159,70947,,,,0.02,178.0,182.0,4.0
2083412,71145,2.000,MAC,PVC,0.01,6.0,16.0,10.0
2083463,71146,2.000,MAC,PVC,0.01,4.0,16.0,12.0
2075954,71151,2.000,MAC,PVC,0.01,15.0,25.0,10.0
2075956,71152,2.000,MAC,PVC,0.01,17.0,27.0,10.0
2075957,71153,2.000,MAC,PVC,0.01,22.0,27.0,5.0
1021008,71273,4.000,CWW,STA,20.0,209.0,212.0,3.0
1021007,71274,4.000,CWW,STA,20.0,129.0,132.0,3.0
974843,71279,4.000,CWW,STA,0.02,132.0,136.0,4.0
974840,71280,4.000,CWW,STA,0.02,120.0,123.0,3.0
2068892,71422,2.000,MAC,PVC,0.01,5.0,16.0,10.0
1022034,71587,6.000,CWW,STA,30.0,62.0,67.0,5.0
1022035,71588,6.000,CWW,STA,20.0,59.0,67.0,8.0
1022019,71671,6.000,CWW,STA,15.0,,,5.0
2088057,71759,6.000,MAC,PVC,0.025,159.0,164.0,5.0
1022042,71773,4.000,CWW,STA,20.0,106.0,109.0,3.0
1022013,71809,6.000,CWW,STA,20.0,212.0,217.0,5.0
873722,71884,,,,0.01,46.0,54.0,8.0
910194,71889,,,,0.02,105.0,109.0,4.0
1022027,71921,4.000,CWW,STA,20.0,89.0,92.0,3.0
1022028,71922,4.000,CWW,STA,20.0,102.0,105.0,3.0
892007,71933,,,,0.015,58.0,62.0,4.0
964480,71954,,,,0.01,87.0,90.0,3.0
2090239,71965,6.000,MAC,PVC,0.05,92.0,100.0,8.0
2080340,72040,2.000,MAC,PVC,0.01,1.0,6.0,5.0
2080341,72041,2.000,MAC,PVC,0.01,2.0,9.0,7.0
1021519,72362,4.000,CWW,STA,20.0,107.0,110.0,3.0
1021525,72364,15.000,CWW,STA,5.0,90.0,95.0,5.0
1021523,72365,4.000,CWW,STA,20.0,65.0,68.0,3.0
1021520,72366,6.000,CWW,STA,20.0,,,5.0
1021522,72367,6.000,CWW,STA,20.0,90.0,95.0,5.0
2090843,72532,2.000,MAC,PVC,0.01,2.0,12.0,10.0
2088995,72546,3.000,CWW,STA,0.04,154.0,151.0,3.0
1022012,72556,6.000,CWW,STA,20.0,228.0,233.0,5.0
1022014,72557,6.000,CWW,STA,20.0,145.0,150.0,5.0
958193,72884,,,,,34.0,42.0,8.0
973701,72885,,,,,75.0,78.0,3.0
973742,72948,,,,,71.0,74.0,
973736,72949,,,,,82.0,87.0,5.0
973741,72951,,,,,99.0,103.0,4.0
973725,72952,,,,,175.0,179.0,4.0
973743,72953,,,,,111.0,116.0,5.0
973724,72968,,,,,122.0,125.0,3.0
973718,72969,4.000,CWW,STA,0.02,70.0,75.0,5.0
973719,72970,,,,,163.0,167.0,4.0
967743,72971,,,,0.035,42.0,45.0,4.0
973678,73161,,,,0.02,68.0,71.0,3.0
953388,73386,,,,0.018,75.0,80.0,5.0
958195,73387,,,,0.012,82.0,90.0,8.0
973676,73407,,,,0.02,69.0,72.0,3.0
2001696,73781,1.000,PER,PVC,0.01,7.0,17.0,10.0
958185,73792,,,,0.012,89.0,94.0,5.0
973950,73985,,,,0.2,198.0,202.0,4.0
973951,73989,,,,,142.0,146.0,4.0
973949,74001,,,,,138.0,143.0,10.0
958203,74122,5.000,MAC,PVC,0.2,50.0,65.0,5.0
2005039,74332,6.000,MAC,PVC,0.025,119.0,124.0,5.0
973696,75007,,,,,131.0,134.0,3.0
973699,75008,,,,,93.0,97.0,4.0
973694,75009,,,,,183.0,186.0,
973691,75267,,,,,167.0,170.0,3.0
958183,75338,,,,,48.0,53.0,5.0
958184,75339,5.000,MAC,PVC,0.012,68.0,72.0,4.0
973708,75565,,,,,178.0,181.0,
973711,75566,,,,,135.0,138.0,3.0
958187,75728,,,,,50.0,54.0,4.0
973964,75801,,,,,97.0,100.0,3.0
973963,75802,,,,,92.0,95.0,3.0
967739,75967,,,,0.025,65.0,69.0,4.0
973956,75981,,,,,176.0,179.0,3.0
967734,76030,4.000,LOU,STA,0.025,52.0,56.0,4.0
973946,76121,,,,0.2,102.0,105.0,3.0
973957,76155,,,,,62.0,66.0,4.0
973955,76156,,,,,110.0,115.0,5.0
958212,76384,,,,,60.0,65.0,5.0
973947,76398,,,,,91.0,95.0,4.0
958213,76399,,,,,50.0,60.0,5.0
958206,76400,,,,0.3,60.0,65.0,5.0
973920,76423,,,,,100.0,103.0,3.0
1022220,76588,4.000,CWW,STA,0.02,104.0,108.0,4.0
1022221,76619,4.000,CWW,STA,20.0,130.0,134.0,4.0
1022218,76626,4.000,CWW,STA,15.0,169.0,173.0,4.0
3000346,76714,4.000,CWW,STA,20.0,80.0,83.0,3.0
3000426,76744,12.000,CWW,STA,25.0,96.0,106.0,10.0
3000426,76745,12.000,CWW,STA,30.0,106.0,126.0,20.0
3000474,76762,4.000,CWW,STA,20.0,179.0,182.0,3.0
3000477,76768,4.000,CWW,STA,20.0,90.0,93.0,3.0
1022226,76786,4.000,CWW,STA,20.0,92.0,96.0,3.0
1022225,76789,4.000,CWW,STA,20.0,92.0,96.0,4.0
3000574,76816,4.000,CWW,STA,20.0,105.0,108.0,3.0
3000735,76866,4.000,CWW,STA,20.0,92.0,95.0,3.0
3000929,76942,4.000,CWW,STA,20.0,165.0,168.0,3.0
3000931,76943,6.000,CWW,STA,15.0,179.0,184.0,5.0
3000986,76966,6.000,MAC,PVC,0.025,79.0,84.0,5.0
3001068,76998,4.000,CWW,STA,20.0,72.0,75.0,3.0
3001124,77031,6.000,CWW,STA,20.0,205.0,210.0,5.0
3001180,77055,4.000,CWW,STA,20.0,81.0,84.0,3.0
3001267,77108,5.000,CWW,STA,0.05,148.0,151.0,3.0
3001277,77112,4.000,CWW,STA,0.05,149.0,154.0,3.0
3001279,77114,4.000,CWW,STA,0.05,118.0,121.0,3.0
620972,77118,4.000,CWW,STA,0.02,74.0,77.0,3.0
3001291,77119,4.000,CWW,STA,0.05,138.0,141.0,3.0
723227,77136,4.000,CWW,STA,0.02,129.0,132.0,3.0
740651,77139,4.000,CWW,STA,0.015,96.0,100.0,4.0
740651,77140,4.000,CWW,STA,0.015,96.0,100.0,4.0
3001366,77145,2.000,MAC,PVC,0.01,6.0,16.0,10.0
3001367,77146,2.000,MAC,PVC,0.01,6.0,16.0,10.0
3001368,77147,2.000,MAC,PVC,0.01,6.0,16.0,10.0
3001370,77149,2.000,MAC,PVC,0.01,6.0,16.0,10.0
3001371,77150,2.000,MAC,PVC,0.01,6.0,16.0,10.0
3001372,77151,2.000,MAC,PVC,0.01,6.0,16.0,10.0
3001373,77152,2.000,MAC,PVC,0.01,3.5,13.5,10.0
9986018,77180,1.000,CWW,STA,0.025,158.0,168.0,1.0
863549,77182,4.000,CWW,STA,0.02,137.0,140.0,3.0
3001424,77184,2.000,MAC,PVC,0.01,4.0,14.0,10.0
3001428,77187,2.000,MAC,PVC,0.01,4.0,14.0,10.0
3001429,77189,2.000,MAC,PVC,0.01,4.0,14.0,10.0
689643,77200,4.000,CWW,STA,0.02,102.0,105.0,3.0
795428,77203,6.000,CWW,STA,0.015,70.0,74.0,3.0
809590,77206,4.000,CWW,STA,0.02,150.0,153.0,3.0
800078,77212,4.000,CWW,STA,0.02,67.0,70.0,3.0
684646,77275,4.000,CWW,STA,0.02,118.0,121.0,3.0
782135,77284,4.000,CWW,STA,0.02,52.0,55.0,3.0
712321,77285,5.000,PRE,PVC,0.02,86.0,90.0,4.0
712321,77286,5.000,PRE,PVC,0.02,86.0,90.0,4.0
865109,77287,5.000,CWW,PVC,0.02,76.0,80.0,4.0
865109,77288,5.000,CWW,PVC,0.02,76.0,80.0,4.0
712322,77290,5.000,PRE,PVC,0.02,92.0,96.0,4.0
800081,77291,4.000,CWW,STA,0.202,74.0,77.0,3.0
3001744,77374,4.000,CWW,STA,20.0,215.0,218.0,3.0
3001882,77440,4.000,CWW,STA,20.0,67.0,70.0,3.0
3001882,77441,4.000,CWW,STA,20.0,67.0,70.0,3.0
3001993,77513,4.000,CWW,STA,20.0,67.0,70.0,3.0
3002042,77544,4.000,CWW,STA,20.0,157.0,160.0,3.0
3002101,77571,4.000,CWW,STA,20.0,80.0,83.0,3.0
3002251,77628,6.000,CWW,STA,20.0,60.0,65.0,5.0
3002276,77645,4.000,CWW,STA,20.0,57.0,61.0,4.0
3002440,77737,4.000,CWW,STA,20.0,147.0,151.0,4.0
3002778,77931,10.000,MAC,PVC,0.05,51.0,60.0,9.0
3002778,77932,10.000,MAC,PVC,0.05,107.0,110.0,3.0
3002779,77933,16.000,MAC,PVC,0.05,105.0,115.0,10.0
820554,77948,4.000,CWW,STA,0.02,119.0,122.0,3.0
809555,77950,4.000,CWW,STA,0.02,134.0,138.0,4.0
833754,77951,4.000,CWW,STA,0.02,132.0,135.0,3.0
809624,77952,4.000,CWW,STA,0.02,130.0,133.0,3.0
795431,77953,6.000,CWW,STA,0.02,165.0,170.0,5.0
795439,77954,6.000,CWW,STA,0.015,169.0,174.0,5.0
3003014,78058,2.000,MAC,PVC,0.01,6.0,16.0,10.0
3003015,78059,2.000,MAC,PVC,0.01,6.0,16.0,10.0
3003092,78091,6.000,CWW,STA,20.0,94.0,99.0,5.0
9986076,78225,12.000,CWW,STA,0.01,102.0,122.0,20.0
9986078,78226,10.000,CWW,STA,0.01,110.0,120.0,10.0
9986077,78227,8.000,CWW,STA,0.01,62.0,112.0,50.0
3003440,78284,4.000,CWW,STA,20.0,99.0,102.0,3.0
3003443,78296,4.000,CWW,STA,0.05,94.0,97.0,3.0
3003868,78519,6.000,CWW,STA,15.0,117.0,122.0,5.0
3003914,78544,6.000,CWW,STA,15.0,120.0,125.0,5.0
3004648,78873,6.000,CWW,STA,20.0,124.0,129.0,5.0
3004819,78965,4.000,CWW,STA,20.0,92.0,96.0,4.0
3005071,79134,4.000,CWW,STA,20.0,140.0,143.0,3.0
3005072,79135,4.000,CWW,STA,20.0,102.0,106.0,4.0
3005074,79136,4.000,CWW,STA,20.0,211.0,214.0,3.0
3005084,79142,4.000,CWW,STA,20.0,75.0,78.0,3.0
3005124,79156,4.000,CWW,STA,20.0,106.0,109.0,3.0
3005186,79210,4.000,CWW,STA,20.0,144.0,147.0,3.0
3005190,79218,6.000,CWW,STA,15.0,65.0,70.0,5.0
3005483,79454,4.000,CWW,STA,20.0,93.0,96.0,3.0
809631,79500,4.000,CWW,STA,0.02,69.0,72.0,3.0
855539,79501,4.000,CWW,PVC,0.25,50.0,59.0,8.0
702976,79615,10.750,CWW,STA,0.03,136.0,156.0,20.0
3005778,79664,4.000,CWW,STA,20.0,106.0,110.0,4.0
267204,79672,4.000,CWW,STA,0.999,167.0,170.0,3.0
3005800,79728,4.000,CWW,STA,20.0,128.0,131.0,3.0
3005800,79729,4.000,CWW,STA,20.0,128.0,131.0,3.0
3005873,79794,4.000,CWW,PVC,20.0,82.0,85.0,3.0
3005903,79810,4.000,CWW,STA,20.0,123.0,127.0,4.0
3005802,79873,3.000,PER,GAL,20.0,94.0,97.0,3.0
3005967,79881,4.000,CWW,STA,20.0,129.0,132.0,3.0
3006025,79911,6.000,CWW,STA,20.0,106.0,111.0,5.0
3006190,79993,4.000,CWW,STA,20.0,178.0,181.0,3.0
729690,80207,4.000,CWW,STA,0.015,110.0,114.0,4.0
723214,80212,6.000,CWW,STA,0.02,131.0,136.0,5.0
3006546,80234,6.000,CWW,STA,15.0,95.0,100.0,5.0
3007057,80557,2.000,MAC,PVC,0.01,6.0,16.0,10.0
3007058,80558,2.000,MAC,PVC,0.01,5.0,15.0,10.0
3007058,80559,2.000,MAC,PVC,0.01,5.0,15.0,10.0
3007059,80560,2.000,MAC,PVC,0.01,5.0,15.0,10.0
3007184,80657,6.000,CWW,STA,15.0,80.0,85.0,5.0
3007702,81052,4.000,CWW,STA,20.0,94.0,98.0,4.0
3007729,81065,4.000,CWW,STA,15.0,131.0,135.0,4.0
833710,81091,6.000,CWW,STA,0.015,87.0,92.0,5.0
701382,81092,6.000,CWW,STA,0.02,97.0,107.0,10.0
3007793,81095,4.000,CWW,PVC,20.0,67.0,70.0,3.0
723205,81103,4.000,CWW,STA,0.02,75.0,78.0,3.0
772428,81110,6.000,CWW,STA,0.015,76.0,79.0,3.0
3007927,81159,5.000,CWW,STA,20.0,119.0,124.0,5.0
3007928,81160,4.000,CWW,STA,20.0,96.0,99.0,3.0
3007929,81161,6.000,CWW,STA,20.0,96.0,101.0,5.0
3007980,81183,4.000,CWW,STA,20.0,88.0,91.0,3.0
3008935,82055,4.000,CWW,STA,20.0,137.0,140.0,3.0
3008937,82056,4.000,CWW,STA,20.0,145.0,148.0,3.0
3008940,82058,4.000,CWW,STA,20.0,151.0,154.0,3.0
3008942,82059,6.000,CWW,STA,15.0,172.0,177.0,5.0
3008993,82132,10.000,CWW,STA,0.06,77.0,87.0,10.0
3009330,82311,5.000,CWW,STA,0.02,77.0,80.0,3.0
3009337,82313,5.000,CWW,STA,0.01,112.0,117.0,15.0
3009375,82322,6.000,CWW,STA,15.0,88.0,96.0,8.0
3009549,82405,6.000,CWW,STA,20.0,103.0,108.0,5.0
3009624,82463,4.000,CWW,STA,20.0,94.0,97.0,3.0
3009663,82486,4.000,CWW,STA,2.0,99.0,102.0,3.0
3009724,82527,4.000,CWW,STA,20.0,69.0,72.0,3.0
833709,82602,6.000,CWW,STA,0.015,140.0,150.0,10.0
768227,82603,5.000,CWW,STA,0.015,142.0,147.0,5.0
685254,82604,4.000,CWW,STA,0.02,91.0,94.0,3.0
3010280,82861,4.000,CWW,STA,20.0,73.0,77.0,4.0
3010513,82977,6.000,CWW,STA,20.0,162.0,167.0,5.0
3010593,83028,6.000,CWW,STA,20.0,106.0,111.0,5.0
3010731,83097,4.000,CWW,STA,20.0,118.0,121.0,3.0
3010734,83100,6.000,CWW,STA,15.0,117.0,122.0,5.0
3010787,83126,4.000,CWW,STA,20.0,113.0,116.0,3.0
3011033,83255,6.000,CWW,STA,20.0,163.0,173.0,10.0
3011182,83331,2.000,MAC,PVC,0.01,1.0,6.0,5.0
3011183,83332,2.000,MAC,PVC,0.01,1.0,6.0,5.0
3011278,83378,2.000,MAC,PVC,0.01,5.0,15.0,10.0
3011279,83379,2.000,MAC,PVC,0.01,5.0,15.0,10.0
3011281,83380,2.000,MAC,PVC,0.01,5.0,15.0,10.0
3011363,83424,6.000,CWW,STA,20.0,101.0,106.0,5.0
3011419,83454,6.000,CWW,STA,20.0,130.0,135.0,5.0
3011453,83466,6.000,CWW,STA,20.0,97.0,102.0,5.0
3011489,83474,4.000,CWW,STA,20.0,107.0,110.0,3.0
3011740,83654,4.000,CWW,STA,20.0,90.0,94.0,4.0
3011785,83680,4.000,CWW,STA,20.0,58.0,61.0,3.0
3011787,83682,4.000,CWW,STA,20.0,205.0,208.0,3.0
3011789,83685,6.000,CWW,STA,15.0,121.0,126.0,5.0
3011809,83696,4.000,CWW,STA,20.0,125.0,128.0,3.0
3011932,83780,5.000,CWW,STA,0.02,65.0,68.0,3.0
3011933,83783,5.000,CWW,STA,0.02,77.0,80.0,3.0
3011934,83785,5.000,CWW,STA,0.02,119.0,122.0,3.0
3012508,84086,5.000,CWW,STA,0.02,53.0,56.0,3.0
3012692,84173,6.000,CWW,STA,15.0,166.0,171.0,5.0
3013052,84535,4.000,CWW,STA,20.0,178.0,182.0,4.0
3013133,84619,5.000,CWW,STA,15.0,129.0,134.0,5.0
3013337,84740,5.000,CWW,STA,0.015,70.0,74.0,4.0
3013634,84975,4.000,CWW,STA,20.0,225.0,229.0,4.0
3013661,85000,6.000,MAC,PVC,0.025,72.0,77.0,5.0
3013705,85024,6.000,CWW,STA,15.0,84.0,89.0,5.0
3013765,85061,4.000,CWW,STA,20.0,179.0,183.0,4.0
3013929,85156,4.000,CWW,STA,20.0,59.0,63.0,4.0
3014008,85208,5.000,CWW,STA,0.02,85.0,88.0,3.0
3014104,85263,4.000,CWW,STA,15.0,101.0,105.0,4.0
351592,85566,10.000,CWW,STA,0.015,65.0,85.0,20.0
974108,85590,4.000,CWW,STA,0.015,121.0,125.0,4.0
351593,85591,10.000,CWW,STA,0.04,61.0,83.0,22.0
772407,85593,4.000,CWW,STA,0.02,98.0,101.0,3.0
401604,85595,4.000,CWW,STA,0.015,51.0,53.0,2.0
802479,85596,5.000,CWW,PVC,0.02,72.0,77.0,4.0
740647,85597,4.000,CWW,STA,0.02,160.0,163.0,3.0
833778,85598,4.000,CWW,STA,0.02,111.0,114.0,3.0
820560,85599,4.000,CWW,STA,0.015,56.0,60.0,4.0
795434,85600,4.000,CWW,STA,0.02,75.0,78.0,3.0
716172,85601,4.000,CWW,STA,0.02,52.0,55.0,3.0
782165,85602,4.000,CWW,STA,0.02,67.0,70.0,3.0
697469,85603,4.000,CWW,STA,0.02,66.0,69.0,3.0
863557,85604,4.000,CWW,STA,0.02,60.0,63.0,4.0
845695,85605,4.000,CWW,STA,0.02,91.0,94.0,3.0
723236,85606,4.000,CWW,STA,0.02,73.0,76.0,3.0
974056,85607,4.000,CWW,STA,0.015,90.0,94.0,4.0
855546,85608,5.000,CWW,PVC,0.02,100.0,104.0,4.0
740665,85609,4.000,CWW,STA,0.02,75.0,78.0,3.0
698816,85610,5.000,CWW,PVC,0.025,76.0,80.0,4.0
611864,85611,4.000,CWW,STA,0.0,76.0,80.0,4.0
698817,85612,5.000,CWW,PVC,0.03,74.0,78.0,4.0
701417,85613,4.000,CWW,STA,0.02,61.0,64.0,3.0
837664,85614,5.000,CWW,PVC,0.02,82.0,86.0,4.0
716166,85615,4.000,CWW,STA,0.02,56.0,59.0,3.0
759306,85624,4.000,CWW,STA,0.02,104.0,107.0,3.0
809580,85625,4.000,CWW,STA,0.02,168.0,171.0,3.0
740626,85627,4.000,CWW,STA,0.02,54.0,57.0,3.0
973684,85628,4.000,CWW,STA,0.02,67.0,70.0,3.0
973690,85629,4.000,CWW,STA,0.02,98.0,101.0,3.0
685258,85630,4.000,CWW,STA,0.02,82.0,85.0,3.0
762298,85631,4.000,CWW,STA,0.02,62.0,65.0,3.0
855568,85632,5.000,CWW,PVC,0.02,91.0,95.0,4.0
731243,85636,5.000,CWW,PVC,0.02,78.0,82.0,4.0
704509,85637,4.000,LOU,PVC,0.035,51.0,55.0,4.0
837661,85638,5.000,CWW,PVC,0.02,53.0,58.0,4.0
855569,85639,5.000,CWW,PVC,0.02,46.0,50.0,4.0
695058,85640,3.000,CWW,STA,0.025,80.0,84.0,4.0
863540,85641,4.000,CWW,STA,0.02,91.0,94.0,3.0
723225,85650,4.000,CWW,STA,0.02,188.0,191.0,3.0
845732,85651,4.000,CWW,STA,0.015,89.0,93.0,4.0
268593,85652,4.000,CWW,STA,0.02,36.0,39.0,3.0
826557,85653,4.000,CWW,STA,0.02,126.0,129.0,3.0
268587,85708,4.000,CWW,STA,0.03,93.0,96.0,3.0
747279,85709,4.000,CWW,STA,0.006,47.0,52.0,5.0
697453,85710,4.000,CWW,STA,0.02,123.0,126.0,3.0
768258,85714,4.000,CWW,STA,0.015,90.0,94.0,4.0
762292,85715,5.000,CWW,STA,0.015,168.0,171.0,3.0
229593,85786,4.000,CWW,STA,0.025,101.0,104.0,3.0
845681,85787,4.000,CWW,STA,0.015,112.0,116.0,4.0
863559,85788,4.000,CWW,STA,0.015,185.0,189.0,4.0
723209,85791,4.000,CWW,STA,0.02,53.0,56.0,3.0
723232,85792,4.000,CWW,STA,0.02,53.0,56.0,3.0
852994,85794,4.000,CWW,STA,0.02,89.0,92.0,3.0
863555,85796,6.000,CWW,STA,0.015,55.0,60.0,5.0
768248,85797,5.000,CWW,STA,0.015,60.0,65.0,5.0
308409,85798,4.000,CWW,GAL,0.05,92.0,95.0,3.0
349109,85799,4.000,CWW,STA,0.0,96.0,98.0,2.0
401579,85800,4.000,CWW,STA,0.015,76.0,78.0,2.0
833734,85803,4.000,CWW,STA,0.02,110.0,113.0,3.0
641657,85804,4.000,CWW,STA,0.025,63.0,67.0,4.0
704524,85805,5.000,CWW,PVC,0.03,66.0,71.0,4.0
745113,85806,4.000,CWW,STA,0.02,86.0,89.0,3.0
374123,85808,4.000,CWW,STA,0.0,46.0,48.0,2.0
837635,85809,5.000,CWW,PVC,0.25,74.0,79.0,4.0
974212,85810,6.000,CWW,STA,0.02,114.0,117.0,3.0
845656,85811,4.000,CWW,STA,0.02,121.0,124.0,3.0
731248,85812,5.000,CWW,PVC,0.02,140.0,145.0,4.0
641654,85815,4.000,CWW,STA,0.015,47.0,51.0,4.0
661846,85817,3.000,CWW,STA,0.02,76.0,80.0,4.0
973856,85818,4.000,CWW,STA,0.015,79.0,83.0,4.0
701425,85820,4.000,CWW,STA,0.02,98.0,101.0,3.0
833770,85821,4.000,CWW,STA,0.015,97.0,100.0,3.0
720702,85823,4.000,CWW,STA,0.02,75.0,78.0,3.0
661785,85824,5.000,CWW,STA,0.02,107.0,110.0,3.0
778565,85828,5.000,CWW,PVC,0.02,87.0,91.0,4.0
802491,85829,5.000,CWW,PVC,0.02,65.0,70.0,4.0
837660,85830,5.000,CWW,PVC,0.02,101.0,106.0,4.0
855532,85831,5.000,CWW,PVC,0.02,91.0,95.0,4.0
641695,85832,4.000,CWW,STA,0.025,74.0,78.0,4.0
778569,85833,5.000,CWW,PVC,0.02,86.0,90.0,4.0
837648,85834,5.000,CWW,PVC,0.02,133.0,138.0,4.0
740645,85835,4.000,CWW,STA,0.02,105.0,108.0,3.0
756551,85836,4.000,CWW,PVC,0.025,62.0,66.0,4.0
745109,85846,4.000,CWW,STA,0.02,91.0,94.0,3.0
826563,85849,4.000,CWW,STA,0.02,89.0,92.0,3.0
837643,85850,5.000,CWW,STA,0.02,95.0,99.0,4.0
855537,85851,5.000,CWW,PVC,0.02,36.0,40.0,4.0
808626,85853,4.000,CWW,STA,0.02,66.0,70.0,4.0
762293,85854,4.000,CWW,STA,0.02,64.0,67.0,3.0
180349,85856,4.000,CWW,STA,0.025,92.0,95.0,3.0
641511,85857,4.000,CWW,STA,0.035,82.0,86.0,4.0
802490,85858,5.000,CWW,PVC,0.02,62.0,68.0,6.0
813443,85859,5.000,CWW,PVC,0.02,90.0,94.0,4.0
855530,85860,5.000,CWW,PVC,0.02,58.0,63.0,4.0
659312,85862,2.000,CWW,STA,0.0,69.0,72.0,3.0
974241,85865,6.000,CWW,STA,0.02,115.0,125.0,10.0
826504,85880,4.000,CWW,STA,0.02,115.0,118.0,3.0
687315,85882,6.000,CWW,STA,0.02,67.0,72.0,5.0
267421,85888,4.000,MAC,STA,0.025,104.0,107.0,3.0
756555,85889,5.000,MAC,PVC,0.2,100.0,110.0,10.0
974117,85890,4.000,CWW,STA,0.015,120.0,124.0,4.0
298406,85893,4.000,CWW,STA,0.0,114.0,117.0,3.0
308407,85894,4.000,CWW,GAL,0.0,135.0,138.0,3.0
839251,85895,5.000,CWW,STA,0.01,98.0,101.0,3.0
808632,85896,4.000,CWW,STA,0.02,111.0,115.0,4.0
374112,85897,4.000,CWW,STA,0.01,115.0,118.0,3.0
840515,85898,4.000,CWW,STA,0.02,104.0,107.0,3.0
788035,85899,3.000,CWW,STA,0.02,48.0,52.0,4.0
813435,85901,5.000,CWW,PVC,0.02,60.0,64.0,4.0
793382,85903,4.000,CWW,STA,0.01,68.0,72.0,4.0
775985,85904,4.000,CWW,STA,0.015,63.0,66.0,3.0
774328,85905,5.000,CWW,PVC,0.02,112.0,115.0,4.0
3014654,85965,4.000,CWW,STA,20.0,165.0,169.0,4.0
3014655,85974,4.000,CWW,STA,0.02,182.0,185.0,3.0
3014777,86110,5.000,CWW,STA,0.02,67.0,70.0,3.0
745123,86264,4.000,CWW,STA,0.02,112.0,115.0,3.0
680516,86265,5.000,CWW,PVC,0.0,122.0,126.0,4.0
863603,86266,4.000,CWW,STA,0.015,96.0,100.0,4.0
809594,86267,4.000,CWW,STA,0.02,105.0,108.0,3.0
734479,86268,4.000,CWW,STA,0.02,182.0,185.0,3.0
974156,86278,6.000,CWW,STA,0.02,110.0,115.0,5.0
356514,86281,4.000,CWW,STA,0.02,86.0,89.0,3.0
974138,86282,12.000,CWW,STA,0.03,190.0,200.0,10.0
768260,86307,4.000,CWW,STA,0.02,103.0,106.0,3.0
367176,86308,4.000,CWW,STA,0.015,74.0,76.0,2.0
388982,86309,6.000,CWW,STA,0.015,129.0,137.0,8.0
845652,86312,4.000,CWW,STA,0.02,134.0,137.0,3.0
768239,86313,4.000,CWW,STA,0.02,117.0,120.0,3.0
401608,86315,4.000,CWW,STA,0.02,89.0,91.0,2.0
695073,86316,5.000,LOU,PVC,0.03,97.0,101.0,4.0
335599,86317,4.000,CWW,STA,0.015,70.0,72.0,2.0
639663,86318,5.000,CWW,PVC,0.0,65.0,70.0,5.0
734467,86319,4.000,CWW,STA,0.02,61.0,64.0,3.0
845651,86320,4.000,CWW,STA,0.015,102.0,106.0,4.0
840557,86327,6.000,CWW,STA,0.015,230.0,233.0,3.0
614769,86328,4.000,CWW,PVC,0.012,102.0,106.0,4.0
813465,86329,5.000,CWW,PVC,0.02,165.0,171.0,4.0
788027,86330,3.000,CWW,STA,0.018,109.0,117.0,8.0
695059,86331,5.000,CWW,STA,0.025,134.0,137.0,3.0
701433,86332,4.000,CWW,STA,0.02,114.0,117.0,3.0
840563,86333,4.000,CWW,STA,0.02,102.0,106.0,4.0
693992,86334,4.000,CWW,STA,0.02,205.0,208.0,3.0
782142,86335,5.000,CWW,STA,0.015,122.0,125.0,3.0
863592,86338,4.000,CWW,STA,0.02,216.0,219.0,3.0
661794,86341,3.000,CWW,STA,0.02,210.0,214.0,4.0
772443,86342,4.000,CWW,STA,0.015,98.0,102.0,4.0
759316,86343,4.000,CWW,STA,0.02,113.0,116.0,3.0
759310,86344,4.000,CWW,STA,0.02,106.0,109.0,3.0
340209,86345,4.000,CWW,STA,0.016,104.0,107.0,3.0
809644,86347,4.000,CWW,STA,0.02,99.0,102.0,3.0
855548,86348,5.000,CWW,PVC,0.02,98.0,102.0,4.0
307953,86349,4.000,CWW,STA,0.016,69.0,72.0,3.0
723246,86350,4.000,CWW,STA,0.02,149.0,152.0,3.0
307952,86351,4.000,CWW,STA,0.015,151.0,155.0,4.0
203573,86353,4.000,CWW,STA,0.02,101.0,104.0,3.0
203572,86354,4.000,CWW,STA,0.03,108.0,111.0,3.0
229566,86356,4.000,CWW,STA,0.016,190.0,193.0,3.0
853037,86359,4.000,CWW,STA,0.02,200.0,203.0,3.0
3014984,86390,6.000,MAC,PVC,0.025,120.0,125.0,5.0
3015031,86431,6.000,CWW,STA,15.0,125.0,130.0,5.0
3015607,87009,5.000,CWW,STA,0.02,92.0,95.0,3.0
3015608,87010,5.000,CWW,STA,0.02,132.0,138.0,6.0
3015688,87053,4.000,CWW,STA,20.0,162.0,166.0,4.0
3015798,87101,5.000,CWW,STA,0.02,67.0,70.0,3.0
3015837,87137,4.000,CWW,STA,20.0,214.0,217.0,3.0
3015998,87231,2.000,MAC,PVC,0.01,15.0,25.0,10.0
3016174,87323,4.000,CWW,STA,20.0,171.0,175.0,4.0
3016540,87513,6.000,MAC,PVC,0.05,101.0,114.0,13.0
3016606,87548,6.000,CWW,STA,15.0,140.0,145.0,5.0
3016875,87732,6.000,CWW,STA,15.0,207.0,210.0,3.0
3016875,87733,6.000,CWW,STA,15.0,200.0,203.0,3.0
3016970,87788,4.000,CWW,STA,20.0,87.0,91.0,4.0
3016971,87789,4.000,CWW,STA,20.0,226.0,230.0,4.0
3017194,87902,5.000,CWW,STA,0.02,86.0,89.0,3.0
3017266,87942,4.000,CWW,STA,20.0,81.0,85.0,4.0
3017323,87952,6.000,CWW,STA,15.0,125.0,130.0,5.0
3017474,88012,5.000,CWW,STA,0.02,87.0,90.0,3.0
3017477,88013,5.000,CWW,STA,0.02,101.0,104.0,3.0
3017522,88030,4.000,CWW,STA,20.0,134.0,138.0,4.0
3017663,88076,6.000,CWW,STA,20.0,108.0,113.0,5.0
3017864,88164,4.000,CWW,STA,20.0,91.0,94.0,3.0
3017865,88166,4.000,CWW,STA,20.0,112.0,115.0,3.0
3017887,88177,6.000,CWW,STA,20.0,89.0,94.0,5.0
3017794,88184,6.000,CWW,STA,20.0,101.0,106.0,5.0
3017979,88212,8.000,CWW,STA,0.02,186.0,196.0,10.0
3017981,88213,6.000,CWW,STA,15.0,189.0,194.0,5.0
3017995,88220,6.000,CWW,STA,15.0,95.0,100.0,5.0
3018162,88304,6.000,CWW,STA,15.0,86.0,91.0,5.0
3018200,88322,4.000,CWW,STA,20.0,68.0,71.0,3.0
3018220,88328,4.000,CWW,STA,20.0,112.0,116.0,4.0
3018326,88384,4.000,MAC,PVC,0.01,4.0,24.7,20.0
3018327,88385,4.000,MAC,PVC,0.01,4.0,25.0,21.0
3018331,88386,2.000,MAC,PVC,0.01,4.0,6.0,2.0
3018335,88387,2.000,MAC,PVC,0.01,4.0,6.0,2.0
3018338,88388,2.000,MAC,PVC,0.01,4.0,6.0,2.0
3018340,88389,2.000,MAC,PVC,0.01,4.0,8.0,4.0
3018346,88393,2.000,MAC,PVC,0.01,4.0,8.0,4.0
3018348,88394,2.000,MAC,PVC,0.01,4.0,8.0,4.0
3018446,88430,4.000,CWW,STA,20.0,143.0,147.0,4.0
3018456,88434,4.000,CWW,STA,20.0,136.0,140.0,4.0
3018480,88451,5.000,CWW,STA,0.02,83.0,86.0,3.0
3018489,88459,5.000,CWW,STA,0.02,83.0,86.0,3.0
3018492,88461,5.000,CWW,STA,0.02,67.0,70.0,3.0
3018524,88470,6.000,MAC,PVC,0.05,100.0,110.0,10.0
3018529,88474,6.000,MAC,PVC,0.025,79.0,84.0,5.0
3018535,88476,6.000,MAC,PVC,0.025,79.0,84.0,5.0
3018572,88499,4.000,CWW,STA,20.0,67.0,70.0,3.0
3019089,88752,4.000,CWW,STA,20.0,195.0,198.0,3.0
3019158,88794,4.000,CWW,STA,20.0,159.0,162.0,3.0
3019212,88806,6.000,CWW,STA,20.0,73.0,78.0,5.0
3019214,88808,8.000,CWW,STA,25.0,102.0,112.0,10.0
3019216,88809,6.000,CWW,STA,20.0,82.0,87.0,5.0
3019217,88810,8.000,CWW,STA,25.0,148.0,158.0,10.0
3019405,88880,4.000,CWW,STA,15.0,125.0,129.0,4.0
3019602,88985,4.000,CWW,STA,15.0,113.0,117.0,4.0
3019605,88987,4.000,CWW,STA,20.0,176.0,179.0,3.0
3019629,88999,4.000,CWW,STA,20.0,150.0,153.0,3.0
3019638,89005,4.000,CWW,STA,20.0,160.0,163.0,3.0
3019659,89019,6.000,MAC,PVC,0.025,180.0,185.0,5.0
3019663,89021,6.000,CWW,STA,20.0,106.0,111.0,5.0
3019703,89045,6.000,CWW,STA,15.0,207.0,212.0,5.0
3019892,89140,5.000,CWW,STA,0.02,57.0,60.0,3.0
3019895,89141,5.000,CWW,STA,0.02,140.0,143.0,3.0
3019900,89144,5.000,CWW,STA,0.02,77.0,80.0,3.0
3019906,89148,5.000,CWW,STA,0.02,67.0,70.0,3.0
3020051,89188,5.000,CWW,STA,0.02,64.0,67.0,3.0
3020144,89239,6.000,CWW,STA,15.0,118.0,113.0,5.0
3020144,89240,6.000,CWW,STA,15.0,113.0,118.0,5.0
3020384,89386,4.000,CWW,STA,20.0,57.0,61.0,4.0
3020879,89612,6.000,CWW,STA,20.0,85.0,90.0,5.0
3021191,89745,4.000,CWW,STA,20.0,76.0,80.0,4.0
3021735,89972,2.000,PRE,PVC,0.01,4.0,14.0,10.0
3021854,90046,6.000,CWW,STA,20.0,185.0,190.0,5.0
3021961,90100,4.000,CWW,STA,20.0,174.0,178.0,4.0
3022192,90208,4.000,CWW,STA,20.0,86.0,90.0,4.0
3022278,90245,10.000,CWW,STA,0.1,85.0,115.0,30.0
3022430,90313,6.000,CWW,STA,15.0,119.0,129.0,10.0
3022431,90314,8.000,CWW,STA,30.0,79.0,89.0,10.0
3022453,90333,6.000,CWW,STA,20.0,100.0,105.0,5.0
3022809,90484,4.000,CWW,STA,20.0,73.0,76.0,3.0
3022856,90519,4.000,CWW,STA,20.0,175.0,179.0,4.0
3022894,90535,5.000,CWW,STA,0.02,62.0,65.0,3.0
3022929,90551,4.000,CWW,STA,20.0,71.0,75.0,4.0
3022943,90563,6.000,CWW,STA,20.0,74.0,79.0,5.0
3022945,90565,8.000,CWW,STA,25.0,69.0,79.0,10.0
3023237,90706,6.000,CWW,STA,15.0,169.0,174.0,5.0
3023238,90707,8.000,CWW,STA,25.0,209.0,219.0,10.0
3023264,90714,4.000,CWW,STA,20.0,89.0,93.0,4.0
3023879,90950,5.000,CWW,STA,0.02,62.0,65.0,3.0
3024002,91005,4.000,CWW,STA,20.0,218.0,222.0,4.0
526647,91027,4.000,CWW,STA,0.02,116.0,118.0,2.0
731226,91028,5.000,CWW,PVC,0.03,122.0,126.0,4.0
813452,91029,5.000,CWW,PVC,0.02,102.0,106.0,4.0
720694,91030,4.000,CWW,STA,0.02,58.0,61.0,3.0
974226,91052,4.000,CWW,STA,0.02,72.0,75.0,3.0
778560,91053,5.000,CWW,PVC,0.02,76.0,81.0,5.0
3024154,91087,5.000,CWW,STA,0.02,67.0,70.0,3.0
363539,91094,4.000,CWW,STA,0.02,47.0,49.0,2.0
244117,91095,4.000,CWW,STA,0.03,61.0,64.0,3.0
855526,91097,5.000,CWW,PVC,0.02,146.0,151.0,4.0
782138,91103,4.000,CWW,STA,0.015,82.0,86.0,4.0
813436,91129,5.000,CWW,STA,0.02,98.0,102.0,4.0
837640,91130,5.000,CWW,PVC,0.02,100.0,105.0,5.0
3024239,91131,4.000,CWW,STA,20.0,232.0,236.0,4.0
973723,91181,4.000,CWW,STA,0.02,70.0,73.0,3.0
813451,91182,5.000,CWW,PVC,0.02,62.0,66.0,4.0
778542,91183,5.000,CWW,PVC,0.02,74.0,79.5,5.0
712310,91209,5.000,MAC,PVC,0.02,71.0,75.0,4.0
3024465,91243,5.000,CWW,STA,0.02,47.0,50.0,3.0
3024775,91375,4.000,CWW,STA,20.0,105.0,109.0,4.0
3024979,91447,5.000,CWW,STA,0.015,145.0,148.0,3.0
3025079,91483,4.000,CWW,STA,20.0,139.0,143.0,4.0
3025080,91484,4.000,CWW,STA,20.0,140.0,143.0,3.0
3025095,91490,4.000,CWW,STA,20.0,117.0,121.0,4.0
3025112,91502,6.000,CWW,STA,15.0,122.0,127.0,5.0
3025133,91513,4.000,CWW,STA,20.0,162.0,166.0,4.0
3025230,91556,4.000,CWW,STA,20.0,219.0,223.0,4.0
3025467,91685,4.000,CWW,STA,20.0,61.0,65.0,4.0
3025594,91777,4.000,CWW,STA,20.0,191.0,195.0,4.0
3025599,91783,2.000,MAC,PVC,0.01,15.0,25.0,10.0
3025665,91820,5.000,CWW,STA,0.02,122.0,125.0,3.0
3025700,91838,6.000,CWW,STA,20.0,76.0,81.0,5.0
(2410,rows,affected),,,,,,
Completion,time:,2025-10-07T10:05:20.1186728-04:00,,,,,,
